{
"type": "FeatureCollection",
"name": "airports",
"crs": { "type": "name", "properties": { "name": "urn:ogc:def:crs:OGC:1.3:CRS84" } },
"features": [
{"type":"Feature","properties":{"osm_id":"83891291","code":5655,"fclass":"helipad","name":null},"geometry":{"type":"MultiPolygon","coordinates":[[[[95.322023,27.3656922],[95.3227071,27.3665376],[95.3228877,27.3664533],[95.3229256,27.3664356],[95.3238995,27.3659811],[95.3238488,27.365818],[95.3237961,27.3656483],[95.322023,27.3656922]]]]}},
{"type":"Feature","properties":{"osm_id":"96566387","code":5651,"fclass":"airport","name":"Bir Tikendrajit International Airport"},"geometry":{"type":"MultiPolygon","coordinates":[[[[93.8841253,24.7428362],[93.8868659,24.7464567],[93.8857442,24.7471561],[93.891808,24.7551728],[93.890104,24.7568719],[93.8889065,24.7561971],[93.8873593,24.7583362],[93.8890877,24.7597792],[93.893567,24.7634362],[93.8953882,24.7649335],[93.8963013,24.765683],[93.8968956,24.7661708],[93.8994105,24.7682006],[93.9031237,24.7711976],[93.9062091,24.7738462],[93.9088112,24.7723338],[93.8884666,24.7454463],[93.8874389,24.7460988],[93.8847074,24.7424893],[93.8841253,24.7428362]]]]}},
{"type":"Feature","properties":{"osm_id":"96566387","code":5652,"fclass":"airfield","name":"Bir Tikendrajit International Airport"},"geometry":{"type":"MultiPolygon","coordinates":[[[[93.8841253,24.7428362],[93.8868659,24.7464567],[93.8857442,24.7471561],[93.891808,24.7551728],[93.890104,24.7568719],[93.8889065,24.7561971],[93.8873593,24.7583362],[93.8890877,24.7597792],[93.893567,24.7634362],[93.8953882,24.7649335],[93.8963013,24.765683],[93.8968956,24.7661708],[93.8994105,24.7682006],[93.9031237,24.7711976],[93.9062091,24.7738462],[93.9088112,24.7723338],[93.8884666,24.7454463],[93.8874389,24.7460988],[93.8847074,24.7424893],[93.8841253,24.7428362]]]]}},
{"type":"Feature","properties":{"osm_id":"96583772","code":5651,"fclass":"airport","name":"Tezu"},"geometry":{"type":"MultiPolygon","coordinates":[[[[96.1265715,27.9342914],[96.126589,27.9344412],[96.1279658,27.9356356],[96.127679,27.9358362],[96.1277713,27.936072],[96.1277813,27.9362659],[96.1270994,27.9374739],[96.1394774,27.9506429],[96.1431035,27.9480186],[96.1395976,27.9443949],[96.1359949,27.9408739],[96.1336711,27.9386561],[96.133169,27.938994],[96.1292003,27.9347363],[96.1277364,27.9334672],[96.1265715,27.9342914]]]]}},
{"type":"Feature","properties":{"osm_id":"96583772","code":5652,"fclass":"airfield","name":"Tezu"},"geometry":{"type":"MultiPolygon","coordinates":[[[[96.1265715,27.9342914],[96.126589,27.9344412],[96.1279658,27.9356356],[96.127679,27.9358362],[96.1277713,27.936072],[96.1277813,27.9362659],[96.1270994,27.9374739],[96.1394774,27.9506429],[96.1431035,27.9480186],[96.1395976,27.9443949],[96.1359949,27.9408739],[96.1336711,27.9386561],[96.133169,27.938994],[96.1292003,27.9347363],[96.1277364,27.9334672],[96.1265715,27.9342914]]]]}},
{"type":"Feature","properties":{"osm_id":"97945321","code":5651,"fclass":"airport","name":null},"geometry":{"type":"MultiPolygon","coordinates":[[[[94.9986642,27.4677298],[95.0036832,27.4720826],[95.0033068,27.4725501],[95.0094893,27.4781574],[95.0078092,27.4805734],[95.00706,27.4848518],[95.0048263,27.486087],[95.005882,27.4880973],[95.0077265,27.4903542],[95.0097623,27.4901954],[95.0100473,27.4892782],[95.010837,27.4897477],[95.0124714,27.4884659],[95.0131084,27.4893216],[95.0143497,27.4902565],[95.0141964,27.4910712],[95.0166875,27.490575],[95.0184566,27.4900855],[95.0185716,27.4898746],[95.0219076,27.4892443],[95.0227496,27.4900957],[95.0241476,27.4915092],[95.0246294,27.4915626],[95.0247498,27.4916801],[95.025376,27.4917869],[95.0253881,27.4915519],[95.0263275,27.4914024],[95.0272789,27.4910391],[95.0221846,27.486349],[95.0231962,27.4854409],[95.0236659,27.4857721],[95.0240152,27.4854516],[95.0235455,27.4851524],[95.0257083,27.4833061],[95.022315,27.4829259],[95.0218411,27.4826598],[95.0175814,27.4789018],[95.0167886,27.4787845],[95.0165079,27.4791145],[95.015806,27.4797084],[95.0122971,27.4765729],[95.0127307,27.4761883],[95.0129113,27.4757395],[95.0103461,27.474265],[95.009969,27.4745775],[95.0054855,27.4705055],[95.0045682,27.4712777],[94.9994875,27.4670202],[94.9986642,27.4677298]]]]}},
{"type":"Feature","properties":{"osm_id":"97945321","code":5652,"fclass":"airfield","name":null},"geometry":{"type":"MultiPolygon","coordinates":[[[[94.9986642,27.4677298],[95.0036832,27.4720826],[95.0033068,27.4725501],[95.0094893,27.4781574],[95.0078092,27.4805734],[95.00706,27.4848518],[95.0048263,27.486087],[95.005882,27.4880973],[95.0077265,27.4903542],[95.0097623,27.4901954],[95.0100473,27.4892782],[95.010837,27.4897477],[95.0124714,27.4884659],[95.0131084,27.4893216],[95.0143497,27.4902565],[95.0141964,27.4910712],[95.0166875,27.490575],[95.0184566,27.4900855],[95.0185716,27.4898746],[95.0219076,27.4892443],[95.0227496,27.4900957],[95.0241476,27.4915092],[95.0246294,27.4915626],[95.0247498,27.4916801],[95.025376,27.4917869],[95.0253881,27.4915519],[95.0263275,27.4914024],[95.0272789,27.4910391],[95.0221846,27.486349],[95.0231962,27.4854409],[95.0236659,27.4857721],[95.0240152,27.4854516],[95.0235455,27.4851524],[95.0257083,27.4833061],[95.022315,27.4829259],[95.0218411,27.4826598],[95.0175814,27.4789018],[95.0167886,27.4787845],[95.0165079,27.4791145],[95.015806,27.4797084],[95.0122971,27.4765729],[95.0127307,27.4761883],[95.0129113,27.4757395],[95.0103461,27.474265],[95.009969,27.4745775],[95.0054855,27.4705055],[95.0045682,27.4712777],[94.9994875,27.4670202],[94.9986642,27.4677298]]]]}},
{"type":"Feature","properties":{"osm_id":"110534237","code":5651,"fclass":"airport","name":null},"geometry":{"type":"MultiPolygon","coordinates":[[[[91.8248244,25.5368075],[91.8250681,25.5372346],[91.8251794,25.5376554],[91.8280684,25.540237],[91.8287228,25.5411352],[91.8292031,25.5411415],[91.8291057,25.5406327],[91.8288709,25.5399972],[91.8275006,25.5384467],[91.8273912,25.5383873],[91.8269685,25.5380888],[91.8260705,25.5372597],[91.825263,25.5365499],[91.8248244,25.5368075]]]]}},
{"type":"Feature","properties":{"osm_id":"110534237","code":5652,"fclass":"airfield","name":null},"geometry":{"type":"MultiPolygon","coordinates":[[[[91.8248244,25.5368075],[91.8250681,25.5372346],[91.8251794,25.5376554],[91.8280684,25.540237],[91.8287228,25.5411352],[91.8292031,25.5411415],[91.8291057,25.5406327],[91.8288709,25.5399972],[91.8275006,25.5384467],[91.8273912,25.5383873],[91.8269685,25.5380888],[91.8260705,25.5372597],[91.825263,25.5365499],[91.8248244,25.5368075]]]]}},
{"type":"Feature","properties":{"osm_id":"117990976","code":5655,"fclass":"helipad","name":null},"geometry":{"type":"MultiPolygon","coordinates":[[[[88.7433097,27.6784383],[88.744459,27.6789789],[88.7446106,27.6787262],[88.7434613,27.6781856],[88.7433097,27.6784383]]]]}},
{"type":"Feature","properties":{"osm_id":"123935434","code":5651,"fclass":"airport","name":"Chabua Air Force Station"},"geometry":{"type":"MultiPolygon","coordinates":[[[[95.0994443,27.448871],[95.1031219,27.4516759],[95.1032275,27.4515925],[95.1034347,27.4517465],[95.1033716,27.4518225],[95.1035071,27.4519342],[95.1029311,27.4525364],[95.1028207,27.4524537],[95.1027004,27.4525688],[95.1024221,27.4523118],[95.1017708,27.4525963],[95.1013639,27.4529443],[95.1015484,27.453689],[95.1017916,27.4540607],[95.1021969,27.4546186],[95.1025411,27.4557033],[95.1024438,27.4557309],[95.1024826,27.455877],[95.1025534,27.4559878],[95.1026423,27.4562564],[95.1027261,27.4564686],[95.1028213,27.4567379],[95.1029387,27.4571257],[95.1033021,27.4583595],[95.1044662,27.4618422],[95.1060622,27.4630772],[95.1071884,27.4638976],[95.1082565,27.464646],[95.1089718,27.46501],[95.1106296,27.4657236],[95.1103705,27.4657873],[95.1103534,27.4665688],[95.1110347,27.4669936],[95.1109961,27.4670484],[95.111749,27.4675036],[95.1118127,27.4674319],[95.1127775,27.4680749],[95.1130349,27.4676551],[95.1131924,27.4676711],[95.1137293,27.4681767],[95.1140031,27.4684496],[95.1148098,27.4693085],[95.1151762,27.4696831],[95.1180286,27.472416],[95.1176096,27.4727849],[95.1165773,27.473846],[95.1162718,27.4741387],[95.1158282,27.4745419],[95.1161565,27.4749917],[95.1168358,27.4759836],[95.1172721,27.4767012],[95.1188683,27.4765301],[95.1202915,27.4763698],[95.1220566,27.476142],[95.1238722,27.475907],[95.1298278,27.474896],[95.1305552,27.4747492],[95.1350033,27.4738389],[95.1352072,27.4736605],[95.1336018,27.4711361],[95.133578,27.4710987],[95.1334936,27.4709659],[95.130961,27.4668828],[95.1310077,27.4668584],[95.1309548,27.4667789],[95.130909,27.4668023],[95.1288737,27.4635082],[95.1287754,27.4634752],[95.1275199,27.4614986],[95.1234858,27.4590661],[95.1232286,27.4587769],[95.1227978,27.4577856],[95.1184537,27.4558746],[95.116599,27.4548085],[95.1144338,27.4531224],[95.1138597,27.4527341],[95.1124348,27.4518881],[95.1117772,27.4518816],[95.1104703,27.4511197],[95.108058,27.4502198],[95.1076149,27.4500246],[95.1070524,27.4496969],[95.1052805,27.4490037],[95.105253,27.4490582],[95.105914,27.4496726],[95.1056332,27.4500582],[95.1056626,27.4501997],[95.1063902,27.450879],[95.1064891,27.4511762],[95.1058964,27.4513105],[95.1050524,27.4510606],[95.1048817,27.4508731],[95.1046416,27.4507483],[95.1040188,27.4514115],[95.1038812,27.4513931],[95.1035304,27.451739],[95.1032803,27.4515505],[95.1036136,27.4512144],[95.1035239,27.450994],[95.1036119,27.4508075],[95.1035155,27.4505277],[95.1035406,27.4504191],[95.1025194,27.4502184],[95.1018595,27.4497219],[95.1017951,27.4496734],[95.101789,27.449381],[95.1002484,27.447999],[95.1001663,27.4479269],[95.1001894,27.4478742],[95.1002262,27.4478243],[95.1002783,27.44778],[95.1003398,27.4477388],[95.1003984,27.4477067],[95.1004623,27.4476819],[95.0998971,27.4477645],[95.0996308,27.4483816],[95.0998557,27.448588],[95.0994443,27.448871]]]]}},
{"type":"Feature","properties":{"osm_id":"123935434","code":5652,"fclass":"airfield","name":"Chabua Air Force Station"},"geometry":{"type":"MultiPolygon","coordinates":[[[[95.0994443,27.448871],[95.1031219,27.4516759],[95.1032275,27.4515925],[95.1034347,27.4517465],[95.1033716,27.4518225],[95.1035071,27.4519342],[95.1029311,27.4525364],[95.1028207,27.4524537],[95.1027004,27.4525688],[95.1024221,27.4523118],[95.1017708,27.4525963],[95.1013639,27.4529443],[95.1015484,27.453689],[95.1017916,27.4540607],[95.1021969,27.4546186],[95.1025411,27.4557033],[95.1024438,27.4557309],[95.1024826,27.455877],[95.1025534,27.4559878],[95.1026423,27.4562564],[95.1027261,27.4564686],[95.1028213,27.4567379],[95.1029387,27.4571257],[95.1033021,27.4583595],[95.1044662,27.4618422],[95.1060622,27.4630772],[95.1071884,27.4638976],[95.1082565,27.464646],[95.1089718,27.46501],[95.1106296,27.4657236],[95.1103705,27.4657873],[95.1103534,27.4665688],[95.1110347,27.4669936],[95.1109961,27.4670484],[95.111749,27.4675036],[95.1118127,27.4674319],[95.1127775,27.4680749],[95.1130349,27.4676551],[95.1131924,27.4676711],[95.1137293,27.4681767],[95.1140031,27.4684496],[95.1148098,27.4693085],[95.1151762,27.4696831],[95.1180286,27.472416],[95.1176096,27.4727849],[95.1165773,27.473846],[95.1162718,27.4741387],[95.1158282,27.4745419],[95.1161565,27.4749917],[95.1168358,27.4759836],[95.1172721,27.4767012],[95.1188683,27.4765301],[95.1202915,27.4763698],[95.1220566,27.476142],[95.1238722,27.475907],[95.1298278,27.474896],[95.1305552,27.4747492],[95.1350033,27.4738389],[95.1352072,27.4736605],[95.1336018,27.4711361],[95.133578,27.4710987],[95.1334936,27.4709659],[95.130961,27.4668828],[95.1310077,27.4668584],[95.1309548,27.4667789],[95.130909,27.4668023],[95.1288737,27.4635082],[95.1287754,27.4634752],[95.1275199,27.4614986],[95.1234858,27.4590661],[95.1232286,27.4587769],[95.1227978,27.4577856],[95.1184537,27.4558746],[95.116599,27.4548085],[95.1144338,27.4531224],[95.1138597,27.4527341],[95.1124348,27.4518881],[95.1117772,27.4518816],[95.1104703,27.4511197],[95.108058,27.4502198],[95.1076149,27.4500246],[95.1070524,27.4496969],[95.1052805,27.4490037],[95.105253,27.4490582],[95.105914,27.4496726],[95.1056332,27.4500582],[95.1056626,27.4501997],[95.1063902,27.450879],[95.1064891,27.4511762],[95.1058964,27.4513105],[95.1050524,27.4510606],[95.1048817,27.4508731],[95.1046416,27.4507483],[95.1040188,27.4514115],[95.1038812,27.4513931],[95.1035304,27.451739],[95.1032803,27.4515505],[95.1036136,27.4512144],[95.1035239,27.450994],[95.1036119,27.4508075],[95.1035155,27.4505277],[95.1035406,27.4504191],[95.1025194,27.4502184],[95.1018595,27.4497219],[95.1017951,27.4496734],[95.101789,27.449381],[95.1002484,27.447999],[95.1001663,27.4479269],[95.1001894,27.4478742],[95.1002262,27.4478243],[95.1002783,27.44778],[95.1003398,27.4477388],[95.1003984,27.4477067],[95.1004623,27.4476819],[95.0998971,27.4477645],[95.0996308,27.4483816],[95.0998557,27.448588],[95.0994443,27.448871]]]]}},
{"type":"Feature","properties":{"osm_id":"129773755","code":5651,"fclass":"airport","name":"Maharaja Bir Bikram Airport"},"geometry":{"type":"MultiPolygon","coordinates":[[[[91.2303521,23.8859391],[91.2304192,23.8874118],[91.2404125,23.8953346],[91.2409315,23.9003005],[91.241352,23.9002841],[91.2415668,23.9036607],[91.2428866,23.9035584],[91.2425086,23.9002943],[91.2429291,23.9002289],[91.2428844,23.8984291],[91.2442803,23.8972674],[91.245147,23.8978772],[91.2454833,23.8971489],[91.2455498,23.8969559],[91.2456026,23.8963458],[91.2458155,23.8958803],[91.2470938,23.8947065],[91.2471482,23.8946008],[91.2471579,23.8945238],[91.2471392,23.8944328],[91.2471067,23.8943416],[91.2470344,23.8942521],[91.2456715,23.893127],[91.2451258,23.8926667],[91.2448512,23.892417],[91.2447648,23.892224],[91.2445012,23.8899072],[91.2441433,23.8899276],[91.2441222,23.8897437],[91.2436732,23.8897321],[91.2436404,23.8896389],[91.2434113,23.8896336],[91.2433665,23.8893701],[91.2441077,23.8891444],[91.2440659,23.8886002],[91.2439573,23.8885954],[91.2439184,23.8881908],[91.2443734,23.8879946],[91.2449818,23.8876788],[91.2456254,23.8872677],[91.2455757,23.8862172],[91.2455353,23.8851747],[91.2455852,23.8847288],[91.2455382,23.8838862],[91.2454437,23.8838545],[91.2447151,23.883816],[91.2444556,23.8834921],[91.244438,23.8834651],[91.244362,23.8828814],[91.2443128,23.8823277],[91.24423,23.8820975],[91.2441346,23.8819017],[91.2440395,23.8818964],[91.2439479,23.8819267],[91.2437189,23.882208],[91.2437002,23.8823922],[91.2434411,23.8825491],[91.2432528,23.8825639],[91.2429792,23.8826943],[91.2428474,23.8832679],[91.2427086,23.8834287],[91.2423456,23.8834637],[91.241734,23.8761059],[91.2410688,23.8760372],[91.2409667,23.8742899],[91.2408996,23.8739115],[91.240441,23.8739422],[91.2404075,23.872858],[91.2402732,23.8724898],[91.2397252,23.8725205],[91.2394232,23.8729603],[91.2393561,23.8740956],[91.238931,23.8743513],[91.2390625,23.8764787],[91.2382364,23.8765768],[91.238569,23.881433],[91.2372421,23.881388],[91.2355864,23.8824876],[91.2360316,23.8826494],[91.2363911,23.8839346],[91.2374854,23.8836354],[91.2377342,23.8841391],[91.2379038,23.8852099],[91.238848,23.8850529],[91.2391162,23.8880449],[91.2366717,23.888639],[91.2367611,23.8891504],[91.2360565,23.8892731],[91.2334165,23.8872033],[91.2309561,23.8852744],[91.2303521,23.8859391]]]]}},
{"type":"Feature","properties":{"osm_id":"130513487","code":5651,"fclass":"airport","name":"Lokpriya Gopinath Bordoloi International Airport"},"geometry":{"type":"MultiPolygon","coordinates":[[[[91.5716653,26.0996219],[91.5717449,26.0997526],[91.5720303,26.1005043],[91.5724424,26.1013371],[91.574796,26.1061504],[91.577048,26.1110623],[91.5777433,26.112606],[91.5786346,26.1123392],[91.5811187,26.1116822],[91.5813052,26.1117129],[91.5814219,26.111851],[91.5821304,26.1133947],[91.5827341,26.1145455],[91.5845762,26.1143044],[91.5859873,26.113815],[91.5891808,26.1206295],[91.5885765,26.1209436],[91.5933159,26.1298823],[91.5950144,26.1291089],[91.5968783,26.1282603],[91.5950473,26.1241179],[91.5989716,26.1234728],[91.5989292,26.1232975],[91.598618,26.123336],[91.5969658,26.1198104],[91.5979636,26.119425],[91.5974593,26.1182787],[91.5979421,26.118086],[91.597529,26.1173105],[91.5973037,26.1169878],[91.5962094,26.1176043],[91.5961289,26.117508],[91.5959841,26.1176092],[91.5946752,26.1186977],[91.5922075,26.1195165],[91.5892678,26.113144],[91.5896594,26.1129802],[91.5892571,26.1120361],[91.5881199,26.1095121],[91.5882969,26.1094735],[91.5878195,26.1082066],[91.5893859,26.1076045],[91.5892035,26.106894],[91.5892759,26.1068723],[91.5891284,26.106499],[91.5892786,26.1064677],[91.5896541,26.1065664],[91.5898794,26.1064291],[91.5898365,26.1061016],[91.5894288,26.1051526],[91.588785,26.1040735],[91.5872562,26.1046853],[91.5864676,26.1031053],[91.5881467,26.1025416],[91.5865964,26.0992225],[91.5863067,26.0993429],[91.5853625,26.0993911],[91.5846598,26.0997139],[91.5840644,26.098206],[91.5829271,26.0969294],[91.5820634,26.0930994],[91.5811998,26.0931235],[91.5807384,26.0932295],[91.5804917,26.0927862],[91.5799928,26.0929308],[91.5791252,26.0930963],[91.5767534,26.0939334],[91.5768114,26.0940349],[91.5770726,26.0945946],[91.5775666,26.0957652],[91.5781968,26.0973032],[91.5784375,26.0980483],[91.5772847,26.0985338],[91.576939,26.0979613],[91.5761343,26.0981553],[91.5757543,26.0981968],[91.5744704,26.0985881],[91.5727061,26.0990432],[91.5716653,26.0996219]]]]}},
{"type":"Feature","properties":{"osm_id":"138303288","code":5651,"fclass":"airport","name":"Khowai Airstrip"},"geometry":{"type":"MultiPolygon","coordinates":[[[[91.6029593,24.0637166],[91.6033482,24.0638401],[91.6031453,24.0666574],[91.6041175,24.0667578],[91.6051319,24.0555421],[91.6035933,24.0554264],[91.6029593,24.0637166]]]]}},
{"type":"Feature","properties":{"osm_id":"138303290","code":5651,"fclass":"airport","name":"Kamalpur Airfield"},"geometry":{"type":"MultiPolygon","coordinates":[[[[91.8086323,24.1278702],[91.8118084,24.1442868],[91.8128882,24.1440897],[91.813155,24.1434173],[91.8113364,24.1338254],[91.8130979,24.1336525],[91.812864,24.1323144],[91.8110741,24.1324416],[91.8101568,24.1276035],[91.8086323,24.1278702]]]]}},
{"type":"Feature","properties":{"osm_id":"149124318","code":5651,"fclass":"airport","name":"Silchar Airport"},"geometry":{"type":"MultiPolygon","coordinates":[[[[92.9678887,24.9065739],[92.9679088,24.9067947],[92.9680182,24.9069892],[92.9679311,24.9072911],[92.968322,24.9075119],[92.9688939,24.9078928],[92.9689319,24.9078766],[92.969162,24.9079374],[92.9693183,24.9079394],[92.9694398,24.9080072],[92.9694556,24.9081705],[92.9696799,24.908394],[92.9697242,24.9084972],[92.9701759,24.9087493],[92.9702833,24.9088467],[92.9713453,24.9095716],[92.9714102,24.9096612],[92.9740414,24.9112108],[92.9741594,24.9113275],[92.9771758,24.9131204],[92.977087,24.9132565],[92.9772679,24.913374],[92.9769592,24.9138967],[92.9777035,24.9142998],[92.9776748,24.9143225],[92.978002,24.9145592],[92.9783105,24.9150251],[92.9783651,24.9153754],[92.978552,24.9156767],[92.9789585,24.9160353],[92.9791506,24.916169],[92.9796287,24.9162561],[92.9806418,24.9168156],[92.9810802,24.9166332],[92.9811845,24.9161432],[92.9811403,24.9159971],[92.9811118,24.9159283],[92.9814025,24.9154699],[92.9830876,24.9164425],[92.9831948,24.9165478],[92.9841822,24.9171536],[92.9871597,24.9188639],[92.9876367,24.9194569],[92.9880158,24.9200643],[92.9883539,24.9203938],[92.988913,24.9206631],[92.9900636,24.9205782],[92.9903023,24.920688],[92.9905195,24.9208083],[92.9906097,24.9208864],[92.9913775,24.9211996],[92.9919511,24.9215278],[92.9921423,24.9215017],[92.9923978,24.9213995],[92.9924768,24.9213679],[92.9925314,24.9213829],[92.9928784,24.9201076],[92.9924239,24.9198792],[92.9917923,24.919535],[92.9917842,24.9195606],[92.9914395,24.9193757],[92.991453,24.919338],[92.9908844,24.9190017],[92.9908669,24.9190206],[92.9902594,24.918652],[92.9902782,24.9186216],[92.9896286,24.9181814],[92.9883916,24.9172138],[92.9863903,24.9161003],[92.9859638,24.9147137],[92.985599,24.9130596],[92.9852396,24.9115659],[92.9850411,24.9108021],[92.9849151,24.9103788],[92.9847166,24.9101647],[92.9845181,24.9100796],[92.984274,24.9101769],[92.9822946,24.9109115],[92.9808837,24.9114224],[92.9795229,24.9118442],[92.9794568,24.9120111],[92.979248,24.9118774],[92.9775764,24.9108069],[92.9771207,24.9108676],[92.9768571,24.9106083],[92.9768079,24.9103935],[92.9770671,24.9103976],[92.9770492,24.9098344],[92.9772547,24.9089064],[92.9775585,24.9085255],[92.9777417,24.9084526],[92.9776836,24.9080555],[92.97784,24.9079501],[92.9784476,24.9079866],[92.9784789,24.9077921],[92.9778266,24.9073099],[92.977219,24.9070667],[92.9767677,24.907087],[92.9764639,24.9072329],[92.9763522,24.9071559],[92.9765533,24.906775],[92.9764416,24.9066453],[92.9767638,24.9058077],[92.9770884,24.905759],[92.9771939,24.9056923],[92.9768481,24.9052944],[92.9766685,24.9051219],[92.9765439,24.9047519],[92.9764416,24.9046476],[92.9758571,24.9047002],[92.9757552,24.9046411],[92.9757848,24.9043505],[92.9759546,24.904064],[92.9756821,24.903829],[92.9748243,24.9035048],[92.9743149,24.9036872],[92.9742792,24.903829],[92.9720604,24.9048393],[92.9718179,24.9049003],[92.9716931,24.9048832],[92.9715708,24.904808],[92.9715429,24.9047081],[92.9715081,24.9044064],[92.9714439,24.9039996],[92.971049,24.9037236],[92.9705665,24.9036102],[92.9701868,24.9043599],[92.9711964,24.9054531],[92.9717567,24.9074313],[92.9704549,24.9066897],[92.9695332,24.906622],[92.9693687,24.9063417],[92.9693933,24.9062688],[92.9684037,24.9058059],[92.9682585,24.9057938],[92.9681111,24.9058606],[92.9679971,24.9059701],[92.9679423,24.9064057],[92.9678887,24.9065739]]]]}},
{"type":"Feature","properties":{"osm_id":"149124318","code":5652,"fclass":"airfield","name":"Silchar Airport"},"geometry":{"type":"MultiPolygon","coordinates":[[[[92.9678887,24.9065739],[92.9679088,24.9067947],[92.9680182,24.9069892],[92.9679311,24.9072911],[92.968322,24.9075119],[92.9688939,24.9078928],[92.9689319,24.9078766],[92.969162,24.9079374],[92.9693183,24.9079394],[92.9694398,24.9080072],[92.9694556,24.9081705],[92.9696799,24.908394],[92.9697242,24.9084972],[92.9701759,24.9087493],[92.9702833,24.9088467],[92.9713453,24.9095716],[92.9714102,24.9096612],[92.9740414,24.9112108],[92.9741594,24.9113275],[92.9771758,24.9131204],[92.977087,24.9132565],[92.9772679,24.913374],[92.9769592,24.9138967],[92.9777035,24.9142998],[92.9776748,24.9143225],[92.978002,24.9145592],[92.9783105,24.9150251],[92.9783651,24.9153754],[92.978552,24.9156767],[92.9789585,24.9160353],[92.9791506,24.916169],[92.9796287,24.9162561],[92.9806418,24.9168156],[92.9810802,24.9166332],[92.9811845,24.9161432],[92.9811403,24.9159971],[92.9811118,24.9159283],[92.9814025,24.9154699],[92.9830876,24.9164425],[92.9831948,24.9165478],[92.9841822,24.9171536],[92.9871597,24.9188639],[92.9876367,24.9194569],[92.9880158,24.9200643],[92.9883539,24.9203938],[92.988913,24.9206631],[92.9900636,24.9205782],[92.9903023,24.920688],[92.9905195,24.9208083],[92.9906097,24.9208864],[92.9913775,24.9211996],[92.9919511,24.9215278],[92.9921423,24.9215017],[92.9923978,24.9213995],[92.9924768,24.9213679],[92.9925314,24.9213829],[92.9928784,24.9201076],[92.9924239,24.9198792],[92.9917923,24.919535],[92.9917842,24.9195606],[92.9914395,24.9193757],[92.991453,24.919338],[92.9908844,24.9190017],[92.9908669,24.9190206],[92.9902594,24.918652],[92.9902782,24.9186216],[92.9896286,24.9181814],[92.9883916,24.9172138],[92.9863903,24.9161003],[92.9859638,24.9147137],[92.985599,24.9130596],[92.9852396,24.9115659],[92.9850411,24.9108021],[92.9849151,24.9103788],[92.9847166,24.9101647],[92.9845181,24.9100796],[92.984274,24.9101769],[92.9822946,24.9109115],[92.9808837,24.9114224],[92.9795229,24.9118442],[92.9794568,24.9120111],[92.979248,24.9118774],[92.9775764,24.9108069],[92.9771207,24.9108676],[92.9768571,24.9106083],[92.9768079,24.9103935],[92.9770671,24.9103976],[92.9770492,24.9098344],[92.9772547,24.9089064],[92.9775585,24.9085255],[92.9777417,24.9084526],[92.9776836,24.9080555],[92.97784,24.9079501],[92.9784476,24.9079866],[92.9784789,24.9077921],[92.9778266,24.9073099],[92.977219,24.9070667],[92.9767677,24.907087],[92.9764639,24.9072329],[92.9763522,24.9071559],[92.9765533,24.906775],[92.9764416,24.9066453],[92.9767638,24.9058077],[92.9770884,24.905759],[92.9771939,24.9056923],[92.9768481,24.9052944],[92.9766685,24.9051219],[92.9765439,24.9047519],[92.9764416,24.9046476],[92.9758571,24.9047002],[92.9757552,24.9046411],[92.9757848,24.9043505],[92.9759546,24.904064],[92.9756821,24.903829],[92.9748243,24.9035048],[92.9743149,24.9036872],[92.9742792,24.903829],[92.9720604,24.9048393],[92.9718179,24.9049003],[92.9716931,24.9048832],[92.9715708,24.904808],[92.9715429,24.9047081],[92.9715081,24.9044064],[92.9714439,24.9039996],[92.971049,24.9037236],[92.9705665,24.9036102],[92.9701868,24.9043599],[92.9711964,24.9054531],[92.9717567,24.9074313],[92.9704549,24.9066897],[92.9695332,24.906622],[92.9693687,24.9063417],[92.9693933,24.9062688],[92.9684037,24.9058059],[92.9682585,24.9057938],[92.9681111,24.9058606],[92.9679971,24.9059701],[92.9679423,24.9064057],[92.9678887,24.9065739]]]]}},
{"type":"Feature","properties":{"osm_id":"156047357","code":5651,"fclass":"airport","name":"Aizawl Lengpui Airport"},"geometry":{"type":"MultiPolygon","coordinates":[[[[92.6164083,23.8534326],[92.6183652,23.8536565],[92.6200852,23.8440013],[92.6208483,23.8437853],[92.6216478,23.8421234],[92.6230536,23.8410975],[92.623812,23.8403121],[92.6246051,23.8395998],[92.6249125,23.8396383],[92.625114,23.8396235],[92.6252208,23.8395815],[92.625345,23.8395131],[92.6260552,23.8386994],[92.6255193,23.8382812],[92.6251646,23.8380305],[92.6244316,23.8374113],[92.6230128,23.8357377],[92.6236188,23.8311749],[92.624542,23.8287827],[92.6209073,23.8282399],[92.6164083,23.8534326]]]]}},
{"type":"Feature","properties":{"osm_id":"157575688","code":5651,"fclass":"airport","name":"Naharlagun Heliport"},"geometry":{"type":"MultiPolygon","coordinates":[[[[93.6949961,27.1117687],[93.6951743,27.112086],[93.6971827,27.1120569],[93.6975371,27.1107285],[93.696974,27.1106198],[93.6968255,27.1109632],[93.6950435,27.1109484],[93.6949961,27.1117687]]]]}},
{"type":"Feature","properties":{"osm_id":"157598152","code":5651,"fclass":"airport","name":"Lilabari Airport"},"geometry":{"type":"MultiPolygon","coordinates":[[[[94.0862607,27.286207],[94.0874192,27.2873862],[94.0867504,27.2880592],[94.0897032,27.2907719],[94.0912843,27.2923117],[94.09469,27.2956784],[94.0962012,27.2972107],[94.0969277,27.2965952],[94.0985217,27.2981425],[94.0999886,27.2995702],[94.1007436,27.3003247],[94.1021089,27.3016643],[94.1051075,27.3046034],[94.106264,27.3056919],[94.1075642,27.3066291],[94.1083214,27.3074622],[94.1095016,27.3062192],[94.1028849,27.2999076],[94.103139,27.2995595],[94.0976332,27.2943079],[94.0983644,27.2937597],[94.0970196,27.2924284],[94.0962954,27.2930146],[94.0936306,27.2904023],[94.0943533,27.289084],[94.0940444,27.2889568],[94.0941725,27.2887118],[94.0942809,27.2885089],[94.094644,27.2876607],[94.0937592,27.2868008],[94.0916633,27.285195],[94.0910737,27.2849408],[94.0910119,27.2851084],[94.09098,27.2852097],[94.0909611,27.2852557],[94.0915486,27.2853853],[94.0921815,27.2858892],[94.0920218,27.2864304],[94.0918197,27.2871887],[94.0917091,27.2873063],[94.0915808,27.2871944],[94.091087,27.2876524],[94.0902739,27.2868782],[94.089965,27.2865842],[94.089518,27.2869385],[94.0873937,27.2849386],[94.0868169,27.2855844],[94.0862607,27.286207]]]]}},
{"type":"Feature","properties":{"osm_id":"157708626","code":5651,"fclass":"airport","name":"Pasighat Airport"},"geometry":{"type":"MultiPolygon","coordinates":[[[[95.3316378,28.0741295],[95.3336836,28.0748001],[95.3346879,28.0724704],[95.335699,28.0728667],[95.3358504,28.0726076],[95.3354441,28.072461],[95.3358893,28.0714498],[95.3352088,28.0712277],[95.3353107,28.0709342],[95.3352473,28.0708955],[95.3369397,28.0668523],[95.338432,28.0636269],[95.3413854,28.0568274],[95.339561,28.0561846],[95.3364013,28.0630889],[95.3357811,28.0629179],[95.3341865,28.0664633],[95.3328039,28.0661594],[95.3319895,28.0686777],[95.331974,28.0687343],[95.3326731,28.0688923],[95.3323407,28.069874],[95.3333137,28.0701876],[95.3316378,28.0741295]]]]}},
{"type":"Feature","properties":{"osm_id":"198347337","code":5652,"fclass":"airfield","name":"Rangapahar Airbase"},"geometry":{"type":"MultiPolygon","coordinates":[[[[93.7044752,25.8558759],[93.7049435,25.8567799],[93.7056411,25.8563214],[93.7060712,25.8562378],[93.7067456,25.85643],[93.707007,25.8564799],[93.7077661,25.8561416],[93.7077882,25.855889],[93.7076133,25.8557006],[93.7075815,25.8556124],[93.7075682,25.8555146],[93.7076239,25.8554049],[93.7075067,25.8552955],[93.7055643,25.8544057],[93.7044752,25.8558759]]]]}},
{"type":"Feature","properties":{"osm_id":"198347397","code":5651,"fclass":"airport","name":"Dimapur Airport"},"geometry":{"type":"MultiPolygon","coordinates":[[[[93.7584309,25.8902208],[93.7595359,25.8906891],[93.7597643,25.8906521],[93.7603487,25.890266],[93.7609652,25.8897237],[93.7610337,25.8898059],[93.7611707,25.889888],[93.7616228,25.8896744],[93.7616456,25.8897976],[93.7618465,25.8898716],[93.762399,25.8897525],[93.7630566,25.8892882],[93.7629105,25.8890705],[93.7648055,25.8881832],[93.7710934,25.8851883],[93.7715089,25.8850569],[93.7723491,25.8846789],[93.7743355,25.8836395],[93.7746095,25.883545],[93.7757419,25.8829493],[93.7765958,25.8826371],[93.7767328,25.8827521],[93.7774041,25.8823824],[93.7777146,25.882103],[93.7796964,25.8810677],[93.7801165,25.8809773],[93.7806279,25.8819346],[93.7826463,25.8809116],[93.7825367,25.8802953],[93.7823494,25.8801351],[93.7825093,25.8798105],[93.7824682,25.8795558],[93.7836098,25.8790176],[93.7837239,25.8786027],[93.7840892,25.8787095],[93.783523,25.8778837],[93.7830298,25.8781425],[93.7826554,25.877592],[93.7812124,25.8782576],[93.7810389,25.8780275],[93.7764634,25.8802132],[93.7759611,25.8792847],[93.7744496,25.8790382],[93.7740889,25.8792189],[93.7738195,25.879412],[93.7738104,25.879638],[93.7734633,25.87979],[93.7734085,25.8797202],[93.7724952,25.8801351],[93.7720706,25.8801351],[93.7718879,25.8802091],[93.7721345,25.8806281],[93.7704267,25.8815854],[93.7703308,25.8824111],[93.7697737,25.8826741],[93.7687052,25.8827234],[93.7684769,25.8823947],[93.768075,25.8824194],[93.7680567,25.8825344],[93.766285,25.883849],[93.7662485,25.8844817],[93.7620383,25.886581],[93.7603716,25.8873451],[93.7601707,25.8877025],[93.7596775,25.887493],[93.758956,25.8890377],[93.7584309,25.8902208]]]]}},
{"type":"Feature","properties":{"osm_id":"244619627","code":5655,"fclass":"helipad","name":null},"geometry":{"type":"MultiPolygon","coordinates":[[[[91.8767214,27.5888972],[91.8768535,27.5891985],[91.8783309,27.5885922],[91.8781765,27.5882981],[91.8767214,27.5888972]]]]}},
{"type":"Feature","properties":{"osm_id":"245663761","code":5655,"fclass":"helipad","name":null},"geometry":{"type":"MultiPolygon","coordinates":[[[[88.6355834,28.0639393],[88.6356273,28.064156],[88.6360193,28.0640941],[88.6359753,28.0638774],[88.6355834,28.0639393]]]]}},
{"type":"Feature","properties":{"osm_id":"245883309","code":5655,"fclass":"helipad","name":null},"geometry":{"type":"MultiPolygon","coordinates":[[[[91.8268248,27.7230219],[91.8270623,27.72309],[91.8271362,27.722888],[91.8268987,27.72282],[91.8268248,27.7230219]]]]}},
{"type":"Feature","properties":{"osm_id":"246052464","code":5655,"fclass":"helipad","name":null},"geometry":{"type":"MultiPolygon","coordinates":[[[[91.9590581,27.7067695],[91.9592998,27.7067793],[91.9593184,27.7065555],[91.9590841,27.7065456],[91.9590581,27.7067695]]]]}},
{"type":"Feature","properties":{"osm_id":"246052465","code":5655,"fclass":"helipad","name":null},"geometry":{"type":"MultiPolygon","coordinates":[[[[91.9679878,27.6423732],[91.9681633,27.6423995],[91.9681606,27.6422082],[91.9680013,27.6422154],[91.9679878,27.6423732]]]]}},
{"type":"Feature","properties":{"osm_id":"246052466","code":5655,"fclass":"helipad","name":null},"geometry":{"type":"MultiPolygon","coordinates":[[[[91.9732191,27.606553],[91.9732773,27.6068159],[91.9735075,27.6067471],[91.9734492,27.6064965],[91.9732191,27.606553]]]]}},
{"type":"Feature","properties":{"osm_id":"253458424","code":5655,"fclass":"helipad","name":null},"geometry":{"type":"MultiPolygon","coordinates":[[[[97.0179692,28.2815873],[97.0183955,28.2815946],[97.0184111,28.2808776],[97.0182406,28.2808747],[97.0179849,28.2808704],[97.0179692,28.2815873]]]]}},
{"type":"Feature","properties":{"osm_id":"253463777","code":5655,"fclass":"helipad","name":null},"geometry":{"type":"MultiPolygon","coordinates":[[[[97.0175126,28.1278742],[97.0177707,28.1280787],[97.0180149,28.1278391],[97.0177568,28.1276345],[97.0175126,28.1278742]]]]}},
{"type":"Feature","properties":{"osm_id":"254594474","code":5655,"fclass":"helipad","name":null},"geometry":{"type":"MultiPolygon","coordinates":[[[[88.9182285,27.3260973],[88.9184162,27.3262588],[88.9185936,27.3260961],[88.9184059,27.3259346],[88.9182285,27.3260973]]]]}},
{"type":"Feature","properties":{"osm_id":"262964370","code":5655,"fclass":"helipad","name":"Assam Rifles Helipad"},"geometry":{"type":"MultiPolygon","coordinates":[[[[94.5086774,26.3095031],[94.5087426,26.3097357],[94.5087936,26.3099489],[94.5095529,26.3098139],[94.509566,26.3094681],[94.5090564,26.3094493],[94.5086774,26.3095031]]]]}},
{"type":"Feature","properties":{"osm_id":"271150514","code":5651,"fclass":"airport","name":"Shillong Airport"},"geometry":{"type":"MultiPolygon","coordinates":[[[[91.9683069,25.6942708],[91.9684289,25.6944086],[91.9683503,25.6944876],[91.9748849,25.7017946],[91.9738094,25.7025898],[91.9737511,25.7026279],[91.9734639,25.7028647],[91.9738644,25.7033305],[91.9732279,25.703812],[91.9736686,25.7043891],[91.9744376,25.7055455],[91.9747274,25.7059356],[91.9745997,25.7060288],[91.9751337,25.706623],[91.9755326,25.7063319],[91.9755989,25.7064027],[91.9757841,25.7062457],[91.9763666,25.7068844],[91.977247,25.7062374],[91.9773344,25.7061732],[91.9778413,25.7067726],[91.9776445,25.7073691],[91.9781976,25.7080139],[91.9789483,25.7080609],[91.9790939,25.7082057],[91.9792548,25.7080945],[91.9811699,25.7102671],[91.9827471,25.7120144],[91.9835544,25.7114633],[91.9838602,25.7117848],[91.9839755,25.7117678],[91.9840399,25.7119539],[91.9844664,25.7124228],[91.9846675,25.7125569],[91.9846085,25.7126536],[91.9856532,25.7137978],[91.9871955,25.7126632],[91.9860113,25.7113304],[91.9834766,25.7085174],[91.9816313,25.706456],[91.98071,25.7054083],[91.9796437,25.7042325],[91.9781015,25.7025142],[91.9761596,25.7003608],[91.9741747,25.6981227],[91.9729034,25.6966919],[91.9720906,25.6957855],[91.9716347,25.6952671],[91.9705484,25.6940526],[91.9699672,25.6933922],[91.9695613,25.6933747],[91.9683069,25.6942708]]]]}},
{"type":"Feature","properties":{"osm_id":"275638864","code":5655,"fclass":"helipad","name":null},"geometry":{"type":"MultiPolygon","coordinates":[[[[91.9408261,25.6863048],[91.9414671,25.6865804],[91.9416441,25.6862951],[91.9409736,25.6860317],[91.9408261,25.6863048]]]]}},
{"type":"Feature","properties":{"osm_id":"296776779","code":5655,"fclass":"helipad","name":null},"geometry":{"type":"MultiPolygon","coordinates":[[[[91.713671,27.5257576],[91.7136713,27.5258128],[91.7136929,27.5258645],[91.7137331,27.5259065],[91.7137871,27.5259338],[91.7138484,27.5259431],[91.7139096,27.5259333],[91.713943,27.5259187],[91.713989,27.5258816],[91.714018,27.5258328],[91.7140264,27.5257782],[91.7140132,27.5257243],[91.71398,27.5256776],[91.7139309,27.5256439],[91.7138817,27.5256285],[91.7138195,27.5256275],[91.7137607,27.5256455],[91.7137124,27.5256802],[91.7136803,27.5257274],[91.713671,27.5257576]]]]}},
{"type":"Feature","properties":{"osm_id":"296941439","code":5655,"fclass":"helipad","name":null},"geometry":{"type":"MultiPolygon","coordinates":[[[[91.8448712,27.7136673],[91.8451744,27.7136716],[91.8451776,27.7134912],[91.8448744,27.713487],[91.8448712,27.7136673]]]]}},
{"type":"Feature","properties":{"osm_id":"297010466","code":5655,"fclass":"helipad","name":null},"geometry":{"type":"MultiPolygon","coordinates":[[[[91.8920271,27.7197244],[91.892236,27.7197378],[91.8922462,27.7196134],[91.8920373,27.7196],[91.8920271,27.7197244]]]]}},
{"type":"Feature","properties":{"osm_id":"297010531","code":5655,"fclass":"helipad","name":null},"geometry":{"type":"MultiPolygon","coordinates":[[[[91.8877845,27.7016355],[91.8879068,27.7016985],[91.8879884,27.7015742],[91.8878661,27.7015112],[91.8877845,27.7016355]]]]}},
{"type":"Feature","properties":{"osm_id":"297426679","code":5655,"fclass":"helipad","name":null},"geometry":{"type":"MultiPolygon","coordinates":[[[[91.8600209,27.6820769],[91.8600499,27.6821348],[91.8600917,27.6821183],[91.8600627,27.6820605],[91.8600209,27.6820769]]]]}},
{"type":"Feature","properties":{"osm_id":"297426706","code":5655,"fclass":"helipad","name":null},"geometry":{"type":"MultiPolygon","coordinates":[[[[91.8601417,27.6819812],[91.8602061,27.682088],[91.8603443,27.6820227],[91.8602799,27.6819159],[91.8601417,27.6819812]]]]}},
{"type":"Feature","properties":{"osm_id":"297432525","code":5655,"fclass":"helipad","name":null},"geometry":{"type":"MultiPolygon","coordinates":[[[[91.873137,27.6847226],[91.8732321,27.6847266],[91.873238,27.6846164],[91.8731429,27.6846124],[91.873137,27.6847226]]]]}},
{"type":"Feature","properties":{"osm_id":"297783879","code":5655,"fclass":"helipad","name":null},"geometry":{"type":"MultiPolygon","coordinates":[[[[91.9078982,27.7028435],[91.907917,27.7030406],[91.9081449,27.703024],[91.9081044,27.7028388],[91.9078982,27.7028435]]]]}},
{"type":"Feature","properties":{"osm_id":"297808540","code":5655,"fclass":"helipad","name":null},"geometry":{"type":"MultiPolygon","coordinates":[[[[91.9388366,27.6942155],[91.9390527,27.6942586],[91.9391616,27.6942803],[91.939203,27.6941173],[91.938878,27.6940525],[91.9388366,27.6942155]]]]}},
{"type":"Feature","properties":{"osm_id":"297819836","code":5655,"fclass":"helipad","name":null},"geometry":{"type":"MultiPolygon","coordinates":[[[[91.9580953,27.6747284],[91.9581494,27.6748175],[91.9581897,27.674884],[91.9584819,27.6747449],[91.9583875,27.6745893],[91.9580953,27.6747284]]]]}},
{"type":"Feature","properties":{"osm_id":"297972214","code":5655,"fclass":"helipad","name":null},"geometry":{"type":"MultiPolygon","coordinates":[[[[91.8146944,27.7714904],[91.8149726,27.7716404],[91.8150316,27.7713916],[91.8147154,27.771291],[91.8146944,27.7714904]]]]}},
{"type":"Feature","properties":{"osm_id":"298002287","code":5655,"fclass":"helipad","name":null},"geometry":{"type":"MultiPolygon","coordinates":[[[[91.7586237,27.7741198],[91.7587705,27.774282],[91.7588817,27.7742032],[91.7587348,27.7740411],[91.7586237,27.7741198]]]]}},
{"type":"Feature","properties":{"osm_id":"300285748","code":5655,"fclass":"helipad","name":null},"geometry":{"type":"MultiPolygon","coordinates":[[[[92.0122548,27.7604944],[92.0126728,27.760575],[92.0128016,27.7602474],[92.0124211,27.7601455],[92.0122548,27.7604944]]]]}},
{"type":"Feature","properties":{"osm_id":"300871381","code":5655,"fclass":"helipad","name":null},"geometry":{"type":"MultiPolygon","coordinates":[[[[91.7785507,27.7327171],[91.778732,27.7327387],[91.7787519,27.7326079],[91.7785707,27.7325862],[91.7785507,27.7327171]]]]}},
{"type":"Feature","properties":{"osm_id":"300989170","code":5655,"fclass":"helipad","name":null},"geometry":{"type":"MultiPolygon","coordinates":[[[[91.8591381,27.6416082],[91.8593002,27.6416187],[91.8593191,27.6413906],[91.859157,27.64138],[91.8591381,27.6416082]]]]}},
{"type":"Feature","properties":{"osm_id":"301403411","code":5655,"fclass":"helipad","name":null},"geometry":{"type":"MultiPolygon","coordinates":[[[[91.961184,27.7160616],[91.9613629,27.7161485],[91.9614017,27.7160858],[91.961481,27.7159576],[91.9613021,27.7158708],[91.9612248,27.7159957],[91.961184,27.7160616]]]]}},
{"type":"Feature","properties":{"osm_id":"315155223","code":5651,"fclass":"airport","name":"Ziro Airfield"},"geometry":{"type":"MultiPolygon","coordinates":[[[[93.8274837,27.5834909],[93.8280889,27.5917765],[93.8279104,27.5917765],[93.8280035,27.5926015],[93.8281432,27.5925947],[93.8282285,27.594733],[93.8292371,27.5947811],[93.8289422,27.5907107],[93.8296637,27.590697],[93.8294698,27.5876166],[93.8287692,27.5877449],[93.8283449,27.5822532],[93.8282759,27.5820634],[93.8279679,27.582078],[93.8276121,27.5831163],[93.8274837,27.5834909]]]]}},
{"type":"Feature","properties":{"osm_id":"315155223","code":5652,"fclass":"airfield","name":"Ziro Airfield"},"geometry":{"type":"MultiPolygon","coordinates":[[[[93.8274837,27.5834909],[93.8280889,27.5917765],[93.8279104,27.5917765],[93.8280035,27.5926015],[93.8281432,27.5925947],[93.8282285,27.594733],[93.8292371,27.5947811],[93.8289422,27.5907107],[93.8296637,27.590697],[93.8294698,27.5876166],[93.8287692,27.5877449],[93.8283449,27.5822532],[93.8282759,27.5820634],[93.8279679,27.582078],[93.8276121,27.5831163],[93.8274837,27.5834909]]]]}},
{"type":"Feature","properties":{"osm_id":"342024970","code":5655,"fclass":"helipad","name":"Libing Army Helipad"},"geometry":{"type":"MultiPolygon","coordinates":[[[[88.5991588,27.3067905],[88.599663,27.3072561],[88.6000409,27.3067149],[88.5997169,27.3063716],[88.5991588,27.3067905]]]]}},
{"type":"Feature","properties":{"osm_id":"358944862","code":5655,"fclass":"helipad","name":null},"geometry":{"type":"MultiPolygon","coordinates":[[[[94.1797889,26.731888],[94.1798694,26.7325026],[94.1798716,26.7325267],[94.180532,26.7324546],[94.1804323,26.7318091],[94.1797889,26.731888]]]]}},
{"type":"Feature","properties":{"osm_id":"365415526","code":5655,"fclass":"helipad","name":null},"geometry":{"type":"MultiPolygon","coordinates":[[[[93.38967,23.3451095],[93.3896934,23.3451455],[93.3897377,23.3451558],[93.3897769,23.3451342],[93.389788,23.3450936],[93.3897646,23.3450576],[93.3897203,23.3450474],[93.3896811,23.3450689],[93.38967,23.3451095]]]]}},
{"type":"Feature","properties":{"osm_id":"365415528","code":5655,"fclass":"helipad","name":null},"geometry":{"type":"MultiPolygon","coordinates":[[[[93.3900247,23.3444761],[93.3900482,23.3445121],[93.3900925,23.3445223],[93.3901317,23.3445008],[93.3901428,23.3444601],[93.3901194,23.3444241],[93.3900751,23.3444139],[93.3900359,23.3444354],[93.3900247,23.3444761]]]]}},
{"type":"Feature","properties":{"osm_id":"372074820","code":5655,"fclass":"helipad","name":null},"geometry":{"type":"MultiPolygon","coordinates":[[[[91.7036114,27.7246826],[91.7037408,27.7248934],[91.7041028,27.7247193],[91.7039734,27.7245084],[91.7036114,27.7246826]]]]}},
{"type":"Feature","properties":{"osm_id":"372074821","code":5655,"fclass":"helipad","name":null},"geometry":{"type":"MultiPolygon","coordinates":[[[[91.7008764,27.7266872],[91.7010894,27.7267708],[91.7011434,27.726663],[91.7009304,27.7265794],[91.7008764,27.7266872]]]]}},
{"type":"Feature","properties":{"osm_id":"372074822","code":5655,"fclass":"helipad","name":null},"geometry":{"type":"MultiPolygon","coordinates":[[[[91.7008507,27.7270082],[91.701104,27.7270616],[91.7011348,27.7269471],[91.7008816,27.7268937],[91.7008507,27.7270082]]]]}},
{"type":"Feature","properties":{"osm_id":"374410997","code":5651,"fclass":"airport","name":"Jorhat Rowriah Airport"},"geometry":{"type":"MultiPolygon","coordinates":[[[[94.1578923,26.726908],[94.1579627,26.7270167],[94.1580364,26.7271369],[94.1581069,26.7273458],[94.158434,26.7280113],[94.1591916,26.7280469],[94.1595768,26.7280792],[94.1601568,26.7281157],[94.1603629,26.728231],[94.1606688,26.7285123],[94.1608455,26.7286337],[94.1612805,26.7288805],[94.1614459,26.7293035],[94.1615138,26.7293824],[94.1617042,26.7294957],[94.1617223,26.7297223],[94.1616996,26.7298882],[94.1618695,26.7301371],[94.1619149,26.7301809],[94.1619627,26.7302271],[94.1620137,26.7302764],[94.1621403,26.7304539],[94.1620858,26.7305011],[94.1622124,26.7306799],[94.162387,26.7305998],[94.1625472,26.7307057],[94.162704,26.7308969],[94.1627913,26.7310156],[94.1629418,26.7311365],[94.1632061,26.7310324],[94.1634336,26.7312214],[94.1633136,26.7312821],[94.1632343,26.7313954],[94.1633498,26.7314136],[94.1635469,26.7315228],[94.1637486,26.7313509],[94.16417,26.7315411],[94.1650694,26.7316058],[94.1653775,26.7317029],[94.1658364,26.7320442],[94.1658493,26.7319068],[94.1660864,26.7319097],[94.166253,26.7322158],[94.167384,26.7323074],[94.167416,26.7329055],[94.1679046,26.7329112],[94.1679321,26.7333822],[94.1682108,26.7333851],[94.1682301,26.7332334],[94.1683871,26.7332277],[94.1684191,26.7330303],[94.1682973,26.7329416],[94.1683134,26.7327985],[94.1684383,26.7327613],[94.1688004,26.7328156],[94.1691798,26.7326612],[94.1693272,26.7325939],[94.1694457,26.7325367],[94.1696379,26.7324265],[94.1696684,26.7326426],[94.1701602,26.7326168],[94.1701954,26.7326054],[94.1703669,26.7326097],[94.1707632,26.7326689],[94.1712707,26.7327397],[94.1721203,26.7328429],[94.1726686,26.7329036],[94.1730492,26.7329239],[94.1748077,26.7330586],[94.1749007,26.7330872],[94.1752114,26.7333962],[94.1759943,26.7342121],[94.176496,26.7347517],[94.1771144,26.7353783],[94.1779154,26.7362253],[94.1786459,26.7369521],[94.1793732,26.7375988],[94.1803472,26.7384716],[94.1811777,26.7392673],[94.184433,26.7421979],[94.1848181,26.7421453],[94.1857812,26.7404639],[94.1888019,26.7431686],[94.1905148,26.7414908],[94.1870564,26.738155],[94.18742,26.7378739],[94.1872025,26.7376746],[94.1864224,26.736912],[94.1854301,26.736046],[94.1850563,26.7355442],[94.1851087,26.7352205],[94.1852479,26.7343604],[94.1841073,26.733479],[94.1841457,26.7331929],[94.1840176,26.7329296],[94.1836464,26.7327416],[94.1834833,26.7326161],[94.1832975,26.7322195],[94.1832669,26.7318203],[94.1826691,26.7316173],[94.1824969,26.7313502],[94.1824471,26.731249],[94.1825014,26.7310102],[94.1825105,26.7308565],[94.1826328,26.7303587],[94.1822386,26.7303627],[94.1820755,26.729954],[94.1821435,26.7297476],[94.1826782,26.7295048],[94.1828413,26.7294319],[94.1822658,26.7290313],[94.1818399,26.7287966],[94.1802495,26.7281679],[94.1801135,26.7281517],[94.1802585,26.7278522],[94.1785799,26.7270015],[94.1785158,26.7270874],[94.1767504,26.7262031],[94.1766671,26.7262059],[94.1759398,26.7258196],[94.1753151,26.7254525],[94.1744949,26.7249588],[94.174137,26.7246269],[94.173702,26.7241979],[94.1728561,26.7231622],[94.1723243,26.7222694],[94.1718565,26.7223323],[94.1715297,26.7213879],[94.1719245,26.7212501],[94.1717964,26.7210125],[94.1717739,26.7209524],[94.1718188,26.7209267],[94.1717988,26.7208832],[94.1716618,26.7205861],[94.1713863,26.7199708],[94.1711363,26.7194872],[94.1709858,26.719138],[94.1707102,26.7189978],[94.1705917,26.7186458],[94.170393,26.7185141],[94.1702424,26.7185628],[94.170047,26.7185542],[94.1700638,26.7184275],[94.1701861,26.718298],[94.1699868,26.7177071],[94.1698327,26.7174279],[94.1701499,26.7173267],[94.1696922,26.7163472],[94.1693252,26.7156146],[94.1690028,26.7156164],[94.1686563,26.7156042],[94.1686355,26.7158046],[94.1684705,26.7158947],[94.1682799,26.7162711],[94.1682622,26.7164857],[94.1680235,26.7165687],[94.1679563,26.7167748],[94.1680139,26.7168817],[94.1680764,26.7169418],[94.1681133,26.716979],[94.1680956,26.7172109],[94.1680139,26.7174126],[94.167897,26.7172753],[94.1678281,26.7171035],[94.1677864,26.7170649],[94.1676166,26.7168245],[94.1673779,26.7168603],[94.16741,26.7170978],[94.1674949,26.717404],[94.167285,26.7174699],[94.1670864,26.7174198],[94.1669053,26.717487],[94.1669582,26.7176215],[94.1669806,26.7178162],[94.1667275,26.7178662],[94.166636,26.7174782],[94.1667266,26.7173042],[94.1664412,26.7170006],[94.1663211,26.7168569],[94.1659337,26.7169136],[94.1657284,26.7166041],[94.165456,26.7166184],[94.1653471,26.7166069],[94.1652125,26.7165611],[94.1650876,26.7165125],[94.1649145,26.7164924],[94.1641814,26.7166285],[94.1641067,26.7166629],[94.1638824,26.7167783],[94.1633477,26.7169928],[94.1631891,26.7170697],[94.1628606,26.7170677],[94.1626272,26.7167479],[94.1621084,26.717007],[94.1620654,26.7169422],[94.1618048,26.7170899],[94.1613721,26.7166629],[94.1611524,26.716754],[94.1611297,26.716926],[94.1611116,26.7169267],[94.1603905,26.7163525],[94.1600235,26.7160449],[94.1595998,26.7156907],[94.1594662,26.7155956],[94.1588916,26.7158947],[94.1581931,26.7163011],[94.1582195,26.7163467],[94.1586521,26.7170708],[94.1592576,26.7176518],[94.1596742,26.718041],[94.1601451,26.7185991],[94.1609535,26.7195467],[94.1617962,26.7205181],[94.1631367,26.7220458],[94.1630823,26.722083],[94.1629669,26.7220315],[94.1628035,26.7224808],[94.162073,26.7227927],[94.1617303,26.7227638],[94.161607,26.72305],[94.1612193,26.723276],[94.161104,26.724021],[94.1609694,26.724104],[94.1610767,26.7242871],[94.1608701,26.7246348],[94.1606878,26.7246676],[94.1605269,26.7247688],[94.1597612,26.7247627],[94.1594598,26.7248882],[94.1597337,26.725321],[94.1598298,26.7254985],[94.1598554,26.7256501],[94.1596792,26.725839],[94.1591057,26.7261223],[94.1586916,26.7259281],[94.1584233,26.7257675],[94.1580516,26.7257532],[94.1581125,26.7259792],[94.158183,26.7260908],[94.1582022,26.7261567],[94.1582037,26.7261841],[94.1581335,26.7263176],[94.1580108,26.7265274],[94.1579083,26.7267277],[94.1578923,26.726908]]]]}},
{"type":"Feature","properties":{"osm_id":"374410997","code":5652,"fclass":"airfield","name":"Jorhat Rowriah Airport"},"geometry":{"type":"MultiPolygon","coordinates":[[[[94.1578923,26.726908],[94.1579627,26.7270167],[94.1580364,26.7271369],[94.1581069,26.7273458],[94.158434,26.7280113],[94.1591916,26.7280469],[94.1595768,26.7280792],[94.1601568,26.7281157],[94.1603629,26.728231],[94.1606688,26.7285123],[94.1608455,26.7286337],[94.1612805,26.7288805],[94.1614459,26.7293035],[94.1615138,26.7293824],[94.1617042,26.7294957],[94.1617223,26.7297223],[94.1616996,26.7298882],[94.1618695,26.7301371],[94.1619149,26.7301809],[94.1619627,26.7302271],[94.1620137,26.7302764],[94.1621403,26.7304539],[94.1620858,26.7305011],[94.1622124,26.7306799],[94.162387,26.7305998],[94.1625472,26.7307057],[94.162704,26.7308969],[94.1627913,26.7310156],[94.1629418,26.7311365],[94.1632061,26.7310324],[94.1634336,26.7312214],[94.1633136,26.7312821],[94.1632343,26.7313954],[94.1633498,26.7314136],[94.1635469,26.7315228],[94.1637486,26.7313509],[94.16417,26.7315411],[94.1650694,26.7316058],[94.1653775,26.7317029],[94.1658364,26.7320442],[94.1658493,26.7319068],[94.1660864,26.7319097],[94.166253,26.7322158],[94.167384,26.7323074],[94.167416,26.7329055],[94.1679046,26.7329112],[94.1679321,26.7333822],[94.1682108,26.7333851],[94.1682301,26.7332334],[94.1683871,26.7332277],[94.1684191,26.7330303],[94.1682973,26.7329416],[94.1683134,26.7327985],[94.1684383,26.7327613],[94.1688004,26.7328156],[94.1691798,26.7326612],[94.1693272,26.7325939],[94.1694457,26.7325367],[94.1696379,26.7324265],[94.1696684,26.7326426],[94.1701602,26.7326168],[94.1701954,26.7326054],[94.1703669,26.7326097],[94.1707632,26.7326689],[94.1712707,26.7327397],[94.1721203,26.7328429],[94.1726686,26.7329036],[94.1730492,26.7329239],[94.1748077,26.7330586],[94.1749007,26.7330872],[94.1752114,26.7333962],[94.1759943,26.7342121],[94.176496,26.7347517],[94.1771144,26.7353783],[94.1779154,26.7362253],[94.1786459,26.7369521],[94.1793732,26.7375988],[94.1803472,26.7384716],[94.1811777,26.7392673],[94.184433,26.7421979],[94.1848181,26.7421453],[94.1857812,26.7404639],[94.1888019,26.7431686],[94.1905148,26.7414908],[94.1870564,26.738155],[94.18742,26.7378739],[94.1872025,26.7376746],[94.1864224,26.736912],[94.1854301,26.736046],[94.1850563,26.7355442],[94.1851087,26.7352205],[94.1852479,26.7343604],[94.1841073,26.733479],[94.1841457,26.7331929],[94.1840176,26.7329296],[94.1836464,26.7327416],[94.1834833,26.7326161],[94.1832975,26.7322195],[94.1832669,26.7318203],[94.1826691,26.7316173],[94.1824969,26.7313502],[94.1824471,26.731249],[94.1825014,26.7310102],[94.1825105,26.7308565],[94.1826328,26.7303587],[94.1822386,26.7303627],[94.1820755,26.729954],[94.1821435,26.7297476],[94.1826782,26.7295048],[94.1828413,26.7294319],[94.1822658,26.7290313],[94.1818399,26.7287966],[94.1802495,26.7281679],[94.1801135,26.7281517],[94.1802585,26.7278522],[94.1785799,26.7270015],[94.1785158,26.7270874],[94.1767504,26.7262031],[94.1766671,26.7262059],[94.1759398,26.7258196],[94.1753151,26.7254525],[94.1744949,26.7249588],[94.174137,26.7246269],[94.173702,26.7241979],[94.1728561,26.7231622],[94.1723243,26.7222694],[94.1718565,26.7223323],[94.1715297,26.7213879],[94.1719245,26.7212501],[94.1717964,26.7210125],[94.1717739,26.7209524],[94.1718188,26.7209267],[94.1717988,26.7208832],[94.1716618,26.7205861],[94.1713863,26.7199708],[94.1711363,26.7194872],[94.1709858,26.719138],[94.1707102,26.7189978],[94.1705917,26.7186458],[94.170393,26.7185141],[94.1702424,26.7185628],[94.170047,26.7185542],[94.1700638,26.7184275],[94.1701861,26.718298],[94.1699868,26.7177071],[94.1698327,26.7174279],[94.1701499,26.7173267],[94.1696922,26.7163472],[94.1693252,26.7156146],[94.1690028,26.7156164],[94.1686563,26.7156042],[94.1686355,26.7158046],[94.1684705,26.7158947],[94.1682799,26.7162711],[94.1682622,26.7164857],[94.1680235,26.7165687],[94.1679563,26.7167748],[94.1680139,26.7168817],[94.1680764,26.7169418],[94.1681133,26.716979],[94.1680956,26.7172109],[94.1680139,26.7174126],[94.167897,26.7172753],[94.1678281,26.7171035],[94.1677864,26.7170649],[94.1676166,26.7168245],[94.1673779,26.7168603],[94.16741,26.7170978],[94.1674949,26.717404],[94.167285,26.7174699],[94.1670864,26.7174198],[94.1669053,26.717487],[94.1669582,26.7176215],[94.1669806,26.7178162],[94.1667275,26.7178662],[94.166636,26.7174782],[94.1667266,26.7173042],[94.1664412,26.7170006],[94.1663211,26.7168569],[94.1659337,26.7169136],[94.1657284,26.7166041],[94.165456,26.7166184],[94.1653471,26.7166069],[94.1652125,26.7165611],[94.1650876,26.7165125],[94.1649145,26.7164924],[94.1641814,26.7166285],[94.1641067,26.7166629],[94.1638824,26.7167783],[94.1633477,26.7169928],[94.1631891,26.7170697],[94.1628606,26.7170677],[94.1626272,26.7167479],[94.1621084,26.717007],[94.1620654,26.7169422],[94.1618048,26.7170899],[94.1613721,26.7166629],[94.1611524,26.716754],[94.1611297,26.716926],[94.1611116,26.7169267],[94.1603905,26.7163525],[94.1600235,26.7160449],[94.1595998,26.7156907],[94.1594662,26.7155956],[94.1588916,26.7158947],[94.1581931,26.7163011],[94.1582195,26.7163467],[94.1586521,26.7170708],[94.1592576,26.7176518],[94.1596742,26.718041],[94.1601451,26.7185991],[94.1609535,26.7195467],[94.1617962,26.7205181],[94.1631367,26.7220458],[94.1630823,26.722083],[94.1629669,26.7220315],[94.1628035,26.7224808],[94.162073,26.7227927],[94.1617303,26.7227638],[94.161607,26.72305],[94.1612193,26.723276],[94.161104,26.724021],[94.1609694,26.724104],[94.1610767,26.7242871],[94.1608701,26.7246348],[94.1606878,26.7246676],[94.1605269,26.7247688],[94.1597612,26.7247627],[94.1594598,26.7248882],[94.1597337,26.725321],[94.1598298,26.7254985],[94.1598554,26.7256501],[94.1596792,26.725839],[94.1591057,26.7261223],[94.1586916,26.7259281],[94.1584233,26.7257675],[94.1580516,26.7257532],[94.1581125,26.7259792],[94.158183,26.7260908],[94.1582022,26.7261567],[94.1582037,26.7261841],[94.1581335,26.7263176],[94.1580108,26.7265274],[94.1579083,26.7267277],[94.1578923,26.726908]]]]}},
{"type":"Feature","properties":{"osm_id":"401019023","code":5655,"fclass":"helipad","name":null},"geometry":{"type":"MultiPolygon","coordinates":[[[[95.808528,28.9656605],[95.8088987,28.9658498],[95.8094924,28.96496],[95.8091214,28.9647706],[95.808528,28.9656605]]]]}},
{"type":"Feature","properties":{"osm_id":"401019024","code":5655,"fclass":"helipad","name":null},"geometry":{"type":"MultiPolygon","coordinates":[[[[95.9737791,28.9308521],[95.9739271,28.9308947],[95.9740122,28.9306683],[95.9738642,28.9306257],[95.9737791,28.9308521]]]]}},
{"type":"Feature","properties":{"osm_id":"439114335","code":5655,"fclass":"helipad","name":"Lawngtlai Helipad"},"geometry":{"type":"MultiPolygon","coordinates":[[[[92.8955696,22.5308338],[92.8955739,22.5309361],[92.895625,22.5309951],[92.8958017,22.531058],[92.8959741,22.5310383],[92.896104,22.5309361],[92.8961252,22.5308201],[92.8960827,22.5307158],[92.896006,22.5306863],[92.8958953,22.5306726],[92.8957867,22.530704],[92.8956824,22.5307178],[92.8955973,22.530767],[92.8955696,22.5308338]]]]}},
{"type":"Feature","properties":{"osm_id":"450541089","code":5655,"fclass":"helipad","name":null},"geometry":{"type":"MultiPolygon","coordinates":[[[[95.6237356,28.2684323],[95.6247763,28.268763],[95.6252161,28.2680921],[95.6241325,28.2676952],[95.6237356,28.2684323]]]]}},
{"type":"Feature","properties":{"osm_id":"454805109","code":5651,"fclass":"airport","name":"Daporijo Airfield"},"geometry":{"type":"MultiPolygon","coordinates":[[[[94.2181009,27.9849371],[94.2279661,27.987334],[94.2283148,27.9867372],[94.2253214,27.985984],[94.2225051,27.9852497],[94.2214751,27.9849039],[94.2203969,27.9846102],[94.2202789,27.9847476],[94.2183316,27.9842975],[94.2181009,27.9849371]]]]}},
{"type":"Feature","properties":{"osm_id":"455659317","code":5651,"fclass":"airport","name":"Pulbhari"},"geometry":{"type":"MultiPolygon","coordinates":[[[[92.7397451,26.8369524],[92.7398148,26.8373688],[92.7473465,26.8364641],[92.7473786,26.8366987],[92.7477595,26.8366604],[92.7480385,26.8359663],[92.7397451,26.8369524]]]]}},
{"type":"Feature","properties":{"osm_id":"455659322","code":5651,"fclass":"airport","name":"Pertabghur Airfield"},"geometry":{"type":"MultiPolygon","coordinates":[[[[93.0759033,26.7586648],[93.0768283,26.758654],[93.0773757,26.7586297],[93.0777106,26.760849],[93.0779751,26.7626636],[93.0783386,26.762746],[93.0786246,26.7628441],[93.0787688,26.7626194],[93.0783614,26.7625441],[93.0781625,26.7613906],[93.077986,26.7602608],[93.077733,26.7587266],[93.0777918,26.7587213],[93.0777772,26.75861],[93.0786243,26.758606],[93.0790267,26.7586018],[93.0798221,26.7585666],[93.0805529,26.7585452],[93.0819676,26.7585178],[93.0830742,26.7584886],[93.0838959,26.758478],[93.0848446,26.7584855],[93.0848658,26.7579391],[93.0793533,26.758057],[93.0786039,26.7580959],[93.0777265,26.7580966],[93.0776296,26.7575147],[93.0776457,26.7573037],[93.0779852,26.7573335],[93.0781081,26.7572378],[93.0781931,26.7571241],[93.0770422,26.7562575],[93.0770112,26.7566092],[93.0770585,26.7570738],[93.0771605,26.7576136],[93.0772416,26.7581122],[93.0767469,26.7581377],[93.0759673,26.7581647],[93.0759033,26.7586648]]]]}},
{"type":"Feature","properties":{"osm_id":"458434115","code":5655,"fclass":"helipad","name":"RK hospital, Helipad"},"geometry":{"type":"MultiPolygon","coordinates":[[[[93.6103762,27.0852084],[93.6107196,27.0852515],[93.6107786,27.0849219],[93.6104245,27.0848742],[93.6103762,27.0852084]]]]}},
{"type":"Feature","properties":{"osm_id":"496910386","code":5651,"fclass":"airport","name":"Kailashahar Airport"},"geometry":{"type":"MultiPolygon","coordinates":[[[[92.0037389,24.3039831],[92.0061636,24.3082853],[92.0049619,24.3089111],[92.005713,24.3102017],[92.0069361,24.3096933],[92.0094251,24.3141322],[92.0109701,24.312998],[92.0063352,24.3047066],[92.0059061,24.3049022],[92.0047688,24.3035333],[92.0041036,24.3035333],[92.0041466,24.3037875],[92.0037389,24.3039831]]]]}},
{"type":"Feature","properties":{"osm_id":"512140416","code":5655,"fclass":"helipad","name":null},"geometry":{"type":"MultiPolygon","coordinates":[[[[88.8877884,27.3200118],[88.8878229,27.3202153],[88.8881049,27.3201776],[88.8880704,27.3199741],[88.8877884,27.3200118]]]]}},
{"type":"Feature","properties":{"osm_id":"512140444","code":5655,"fclass":"helipad","name":null},"geometry":{"type":"MultiPolygon","coordinates":[[[[88.9096941,27.2931129],[88.9098605,27.2931142],[88.9098617,27.2929875],[88.9098621,27.2929499],[88.9096957,27.2929486],[88.9096941,27.2931129]]]]}},
{"type":"Feature","properties":{"osm_id":"540412999","code":5651,"fclass":"airport","name":"Along Airport"},"geometry":{"type":"MultiPolygon","coordinates":[[[[94.7995689,28.1733157],[94.7996065,28.1733961],[94.799636,28.1734221],[94.7996762,28.1734221],[94.7999177,28.1740818],[94.8008698,28.1746374],[94.8009798,28.1744742],[94.8086294,28.179489],[94.8087528,28.1796096],[94.8092383,28.1798082],[94.8097158,28.1792952],[94.8020886,28.1742815],[94.8020443,28.1742524],[94.8008262,28.1734517],[94.8009346,28.1731678],[94.8007536,28.173119],[94.8008867,28.172606],[94.8003494,28.1724999],[94.8001483,28.1731431],[94.7995689,28.1733157]]]]}},
{"type":"Feature","properties":{"osm_id":"540412999","code":5652,"fclass":"airfield","name":"Along Airport"},"geometry":{"type":"MultiPolygon","coordinates":[[[[94.7995689,28.1733157],[94.7996065,28.1733961],[94.799636,28.1734221],[94.7996762,28.1734221],[94.7999177,28.1740818],[94.8008698,28.1746374],[94.8009798,28.1744742],[94.8086294,28.179489],[94.8087528,28.1796096],[94.8092383,28.1798082],[94.8097158,28.1792952],[94.8020886,28.1742815],[94.8020443,28.1742524],[94.8008262,28.1734517],[94.8009346,28.1731678],[94.8007536,28.173119],[94.8008867,28.172606],[94.8003494,28.1724999],[94.8001483,28.1731431],[94.7995689,28.1733157]]]]}},
{"type":"Feature","properties":{"osm_id":"546123465","code":5655,"fclass":"helipad","name":"Pelling Helipad"},"geometry":{"type":"MultiPolygon","coordinates":[[[[88.2306186,27.3005899],[88.2306482,27.3010454],[88.2311186,27.3010213],[88.2310891,27.3005658],[88.2306186,27.3005899]]]]}},
{"type":"Feature","properties":{"osm_id":"560922593","code":5655,"fclass":"helipad","name":null},"geometry":{"type":"MultiPolygon","coordinates":[[[[91.8655328,27.5727393],[91.8656749,27.5731459],[91.8661765,27.5730151],[91.8660582,27.5726166],[91.8655328,27.5727393]]]]}},
{"type":"Feature","properties":{"osm_id":"571029114","code":5655,"fclass":"helipad","name":null},"geometry":{"type":"MultiPolygon","coordinates":[[[[96.675124,28.3922586],[96.6751504,28.3923351],[96.6752034,28.3924],[96.6752773,28.3924465],[96.6753662,28.3924699],[96.6755972,28.3926808],[96.6760657,28.3923859],[96.6759489,28.3922037],[96.675922,28.3920685],[96.6756304,28.3918667],[96.6755518,28.3918002],[96.6753624,28.3918423],[96.6753273,28.3919007],[96.6754722,28.3919894],[96.6753818,28.3919816],[96.6752934,28.3919999],[96.6752163,28.3920421],[96.6751588,28.392104],[96.6751269,28.3921788],[96.675124,28.3922586]]]]}},
{"type":"Feature","properties":{"osm_id":"589690294","code":5651,"fclass":"airport","name":null},"geometry":{"type":"MultiPolygon","coordinates":[[[[95.264302,27.532323],[95.2646556,27.532783],[95.2650722,27.5326088],[95.266707,27.5347833],[95.2677603,27.5361354],[95.2689078,27.537578],[95.2685305,27.5377801],[95.2686563,27.538038],[95.2675952,27.538714],[95.267273,27.538937],[95.267273,27.5392367],[95.266487,27.5397036],[95.2658582,27.5400242],[95.2657089,27.5402612],[95.2648715,27.5407268],[95.2647814,27.5407769],[95.2645613,27.5409163],[95.2644199,27.5410557],[95.2643963,27.541209],[95.2644356,27.5413414],[95.2646478,27.5413832],[95.2648128,27.5412717],[95.2650958,27.5410557],[95.2659918,27.5406236],[95.2663848,27.5411184],[95.2685384,27.539857],[95.2688135,27.539404],[95.2697095,27.5388046],[95.2707391,27.5399197],[95.2724447,27.5420731],[95.273325,27.5431812],[95.2734665,27.5434182],[95.2734193,27.5435088],[95.2736236,27.5438014],[95.2744882,27.5434251],[95.2745983,27.5433276],[95.2745275,27.5431603],[95.2744175,27.5430836],[95.2740481,27.5430558],[95.2737337,27.5429721],[95.2721381,27.5408884],[95.2703697,27.5387001],[95.2703933,27.5384074],[95.2701496,27.5379753],[95.2701811,27.537815],[95.2712736,27.5372017],[95.2709985,27.5369438],[95.2702597,27.5373689],[95.2695523,27.5364908],[95.2688685,27.5368184],[95.2658896,27.5328248],[95.2650879,27.5317724],[95.2645299,27.5321418],[95.264302,27.532323]]]]}},
{"type":"Feature","properties":{"osm_id":"590588277","code":5651,"fclass":"airport","name":"Machuka Advanced Landing Ground"},"geometry":{"type":"MultiPolygon","coordinates":[[[[94.1185212,28.6039274],[94.1193151,28.60421],[94.1199911,28.604389],[94.1209566,28.6043984],[94.1330159,28.6017515],[94.132694,28.6006683],[94.119519,28.6035789],[94.1191327,28.6032116],[94.118607,28.603334],[94.1185212,28.6039274]]]]}},
{"type":"Feature","properties":{"osm_id":"593119171","code":5655,"fclass":"helipad","name":null},"geometry":{"type":"MultiPolygon","coordinates":[[[[88.4567882,27.2490766],[88.4569997,27.249135],[88.457051,27.2489881],[88.4568395,27.2489296],[88.4567882,27.2490766]]]]}},
{"type":"Feature","properties":{"osm_id":"593119172","code":5655,"fclass":"helipad","name":null},"geometry":{"type":"MultiPolygon","coordinates":[[[[88.4567693,27.2487879],[88.4569358,27.2488117],[88.456962,27.2486668],[88.4567955,27.248643],[88.4567693,27.2487879]]]]}},
{"type":"Feature","properties":{"osm_id":"594553531","code":5655,"fclass":"helipad","name":null},"geometry":{"type":"MultiPolygon","coordinates":[[[[88.4139423,27.2877996],[88.4141069,27.2886805],[88.4144312,27.2886326],[88.4142666,27.2877518],[88.4139423,27.2877996]]]]}},
{"type":"Feature","properties":{"osm_id":"594574235","code":5655,"fclass":"helipad","name":null},"geometry":{"type":"MultiPolygon","coordinates":[[[[88.3569449,27.2934902],[88.3573348,27.2936269],[88.3575151,27.2932211],[88.3571251,27.2930843],[88.3569449,27.2934902]]]]}},
{"type":"Feature","properties":{"osm_id":"596352014","code":5655,"fclass":"helipad","name":null},"geometry":{"type":"MultiPolygon","coordinates":[[[[88.7755659,27.4039074],[88.7758144,27.4039357],[88.7758456,27.4037193],[88.7755971,27.4036911],[88.7755659,27.4039074]]]]}},
{"type":"Feature","properties":{"osm_id":"597025737","code":5655,"fclass":"helipad","name":null},"geometry":{"type":"MultiPolygon","coordinates":[[[[88.3649388,27.2171543],[88.3654135,27.2173976],[88.3655208,27.2173833],[88.3655718,27.217276],[88.3655664,27.2170732],[88.3654109,27.2170064],[88.3652633,27.2169921],[88.3651078,27.2170184],[88.3650112,27.2170804],[88.3649388,27.2171543]]]]}},
{"type":"Feature","properties":{"osm_id":"599426469","code":5655,"fclass":"helipad","name":null},"geometry":{"type":"MultiPolygon","coordinates":[[[[88.5382215,27.4905111],[88.5383447,27.4909687],[88.5388805,27.4908551],[88.5387573,27.4903975],[88.5382215,27.4905111]]]]}},
{"type":"Feature","properties":{"osm_id":"605861241","code":5655,"fclass":"helipad","name":"Namchi Helipad"},"geometry":{"type":"MultiPolygon","coordinates":[[[[88.3214879,27.1567443],[88.322479,27.1569437],[88.3225669,27.1565979],[88.3217333,27.1564303],[88.3215756,27.1563986],[88.3214879,27.1567443]]]]}},
{"type":"Feature","properties":{"osm_id":"608054742","code":5655,"fclass":"helipad","name":null},"geometry":{"type":"MultiPolygon","coordinates":[[[[88.8199838,27.3038647],[88.8205666,27.3042111],[88.8207023,27.3040307],[88.8201195,27.3036844],[88.8199838,27.3038647]]]]}},
{"type":"Feature","properties":{"osm_id":"608082672","code":5655,"fclass":"helipad","name":null},"geometry":{"type":"MultiPolygon","coordinates":[[[[88.7740583,27.2491509],[88.7742998,27.249349],[88.7744808,27.2491747],[88.7742393,27.2489765],[88.7740583,27.2491509]]]]}},
{"type":"Feature","properties":{"osm_id":"608082673","code":5655,"fclass":"helipad","name":null},"geometry":{"type":"MultiPolygon","coordinates":[[[[88.7736612,27.2505859],[88.7742182,27.2509067],[88.7744167,27.2506343],[88.7738596,27.2503135],[88.7736612,27.2505859]]]]}},
{"type":"Feature","properties":{"osm_id":"667404561","code":5655,"fclass":"helipad","name":null},"geometry":{"type":"MultiPolygon","coordinates":[[[[93.5016829,24.9974768],[93.5019699,24.9979338],[93.5021657,24.9978365],[93.5018679,24.9973625],[93.5016829,24.9974768]]]]}},
{"type":"Feature","properties":{"osm_id":"671265564","code":5655,"fclass":"helipad","name":null},"geometry":{"type":"MultiPolygon","coordinates":[[[[94.1215159,25.6551138],[94.1215173,25.6551529],[94.1215289,25.6551907],[94.1215503,25.6552248],[94.1215802,25.6552534],[94.1216167,25.6552747],[94.1216578,25.6552874],[94.1217011,25.655291],[94.1217441,25.6552851],[94.1217843,25.65527],[94.1218193,25.6552468],[94.1218472,25.6552167],[94.1218662,25.6551814],[94.1218753,25.6551431],[94.121874,25.6551039],[94.1218623,25.6550661],[94.1218409,25.655032],[94.1218111,25.6550034],[94.1217745,25.6549822],[94.1217334,25.6549694],[94.1216901,25.6549659],[94.1216471,25.6549718],[94.1216069,25.6549868],[94.1215719,25.65501],[94.1215441,25.6550402],[94.121525,25.6550754],[94.1215159,25.6551138]]]]}},
{"type":"Feature","properties":{"osm_id":"690532140","code":5655,"fclass":"helipad","name":"Kangla Helipad"},"geometry":{"type":"MultiPolygon","coordinates":[[[[93.9424324,24.8065918],[93.9430939,24.80665],[93.9433002,24.8057739],[93.9425596,24.8056572],[93.9424704,24.8061749],[93.9424324,24.8065918]]]]}},
{"type":"Feature","properties":{"osm_id":"713655233","code":5651,"fclass":"airport","name":null},"geometry":{"type":"MultiPolygon","coordinates":[[[[95.0315298,27.1997259],[95.0329146,27.200824],[95.032682,27.2010559],[95.0333311,27.2015707],[95.0334978,27.2014044],[95.038247,27.205172],[95.0384647,27.2049549],[95.0317704,27.1995411],[95.0315298,27.1997259]]]]}},
{"type":"Feature","properties":{"osm_id":"717480953","code":5655,"fclass":"helipad","name":null},"geometry":{"type":"MultiPolygon","coordinates":[[[[95.616537,29.063624],[95.617181,29.0639754],[95.6174609,29.0635834],[95.6168168,29.0632321],[95.616537,29.063624]]]]}},
{"type":"Feature","properties":{"osm_id":"721932485","code":5655,"fclass":"helipad","name":null},"geometry":{"type":"MultiPolygon","coordinates":[[[[95.466974,27.1956293],[95.4671143,27.1956752],[95.46725,27.1953467],[95.4671096,27.1953008],[95.466974,27.1956293]]]]}},
{"type":"Feature","properties":{"osm_id":"722139305","code":5655,"fclass":"helipad","name":null},"geometry":{"type":"MultiPolygon","coordinates":[[[[94.8743402,27.3853258],[94.8743513,27.3853686],[94.8743778,27.3854056],[94.8744167,27.3854327],[94.8744636,27.3854467],[94.874513,27.385446],[94.8745593,27.3854308],[94.874596,27.385404],[94.8746211,27.3853682],[94.8746319,27.3853271],[94.8746273,27.3852852],[94.8746078,27.3852468],[94.8745754,27.3852159],[94.8745337,27.3851959],[94.8744869,27.3851888],[94.87444,27.3851955],[94.874398,27.3852151],[94.8743653,27.3852456],[94.8743453,27.3852839],[94.8743402,27.3853258]]]]}},
{"type":"Feature","properties":{"osm_id":"723124480","code":5655,"fclass":"helipad","name":null},"geometry":{"type":"MultiPolygon","coordinates":[[[[94.8901383,27.3686005],[94.8901406,27.3690749],[94.8907563,27.3690726],[94.890754,27.3685981],[94.8901383,27.3686005]]]]}},
{"type":"Feature","properties":{"osm_id":"725954347","code":5651,"fclass":"airport","name":"Vijanagar ALG"},"geometry":{"type":"MultiPolygon","coordinates":[[[[96.996945,27.1960402],[96.9972242,27.1968497],[96.9981037,27.196826],[96.9982886,27.1967975],[96.9984768,27.1967445],[96.9987249,27.1966616],[96.999425,27.1963376],[97.0018944,27.195125],[97.0029177,27.1946175],[97.0032974,27.1944211],[97.0035716,27.1942888],[97.0042784,27.1939282],[97.0045424,27.1937942],[97.0070866,27.1925107],[97.0082553,27.1919174],[97.00846,27.1917597],[97.0085464,27.1916931],[97.0086128,27.1917146],[97.00871,27.1917307],[97.0087902,27.1917308],[97.008911,27.1916994],[97.008997,27.191638],[97.0090407,27.191542],[97.0090199,27.1909068],[97.0084833,27.1900711],[97.0070987,27.1907287],[97.0065999,27.1909855],[97.0065838,27.1909938],[97.006495,27.1910689],[97.0061179,27.1905638],[97.0050348,27.1912059],[97.0053843,27.1916273],[97.0046468,27.1919984],[96.9996751,27.1945002],[96.9984397,27.1951802],[96.996945,27.1960402]]]]}},
{"type":"Feature","properties":{"osm_id":"725954347","code":5652,"fclass":"airfield","name":"Vijanagar ALG"},"geometry":{"type":"MultiPolygon","coordinates":[[[[96.996945,27.1960402],[96.9972242,27.1968497],[96.9981037,27.196826],[96.9982886,27.1967975],[96.9984768,27.1967445],[96.9987249,27.1966616],[96.999425,27.1963376],[97.0018944,27.195125],[97.0029177,27.1946175],[97.0032974,27.1944211],[97.0035716,27.1942888],[97.0042784,27.1939282],[97.0045424,27.1937942],[97.0070866,27.1925107],[97.0082553,27.1919174],[97.00846,27.1917597],[97.0085464,27.1916931],[97.0086128,27.1917146],[97.00871,27.1917307],[97.0087902,27.1917308],[97.008911,27.1916994],[97.008997,27.191638],[97.0090407,27.191542],[97.0090199,27.1909068],[97.0084833,27.1900711],[97.0070987,27.1907287],[97.0065999,27.1909855],[97.0065838,27.1909938],[97.006495,27.1910689],[97.0061179,27.1905638],[97.0050348,27.1912059],[97.0053843,27.1916273],[97.0046468,27.1919984],[96.9996751,27.1945002],[96.9984397,27.1951802],[96.996945,27.1960402]]]]}},
{"type":"Feature","properties":{"osm_id":"751045586","code":5655,"fclass":"helipad","name":null},"geometry":{"type":"MultiPolygon","coordinates":[[[[94.0773286,25.5607374],[94.0773545,25.560831],[94.0774246,25.5609013],[94.0774869,25.5609692],[94.0775777,25.5610183],[94.0776737,25.5610253],[94.0777048,25.5610043],[94.0777334,25.5609692],[94.0777489,25.5609036],[94.0777412,25.5608334],[94.0777048,25.5607538],[94.0776555,25.5606906],[94.0775906,25.5606414],[94.0774972,25.5605876],[94.0774324,25.5605899],[94.0773623,25.560618],[94.0773415,25.5606648],[94.0773286,25.5607374]]]]}},
{"type":"Feature","properties":{"osm_id":"792257348","code":5655,"fclass":"helipad","name":null},"geometry":{"type":"MultiPolygon","coordinates":[[[[93.6353712,27.6958306],[93.6358674,27.6963293],[93.6360803,27.6961633],[93.6355841,27.6956645],[93.6353712,27.6958306]]]]}},
{"type":"Feature","properties":{"osm_id":"819669252","code":5655,"fclass":"helipad","name":"Serchhip Helipad"},"geometry":{"type":"MultiPolygon","coordinates":[[[[92.8559506,23.3289296],[92.8562792,23.3289399],[92.85629,23.3286481],[92.8559615,23.3286378],[92.8559506,23.3289296]]]]}},
{"type":"Feature","properties":{"osm_id":"845485153","code":5655,"fclass":"helipad","name":null},"geometry":{"type":"MultiPolygon","coordinates":[[[[97.0056927,27.1910277],[97.005802,27.1911793],[97.005967,27.1910852],[97.0058577,27.1909335],[97.0056927,27.1910277]]]]}},
{"type":"Feature","properties":{"osm_id":"865337022","code":5655,"fclass":"helipad","name":null},"geometry":{"type":"MultiPolygon","coordinates":[[[[95.0246588,29.1105326],[95.0248565,29.1106335],[95.0249566,29.1104389],[95.0247529,29.1103514],[95.0246588,29.1105326]]]]}},
{"type":"Feature","properties":{"osm_id":"883058831","code":5655,"fclass":"helipad","name":null},"geometry":{"type":"MultiPolygon","coordinates":[[[[96.6388331,28.1449946],[96.6392557,28.1452396],[96.6394309,28.1449246],[96.6390362,28.1447146],[96.6388331,28.1449946]]]]}},
{"type":"Feature","properties":{"osm_id":"889514248","code":5651,"fclass":"airport","name":"Tuting Advanced Landing Ground"},"geometry":{"type":"MultiPolygon","coordinates":[[[[94.8952381,28.9835265],[94.8966158,28.9862185],[94.8977959,28.9885246],[94.8991006,28.9910738],[94.9003027,28.9934225],[94.9003778,28.9936219],[94.9004411,28.9937723],[94.9008146,28.9945144],[94.9010897,28.9945302],[94.9012577,28.9945306],[94.9014095,28.9945185],[94.9015529,28.9944956],[94.9017221,28.9944388],[94.9020794,28.9942894],[94.9023343,28.9941828],[94.902357,28.9940812],[94.9023883,28.9940657],[94.9024145,28.9940522],[94.9025105,28.9940784],[94.9026803,28.9939895],[94.9003582,28.9896345],[94.8980841,28.9849384],[94.8970556,28.982808],[94.8952381,28.9835265]]]]}},
{"type":"Feature","properties":{"osm_id":"889514248","code":5652,"fclass":"airfield","name":"Tuting Advanced Landing Ground"},"geometry":{"type":"MultiPolygon","coordinates":[[[[94.8952381,28.9835265],[94.8966158,28.9862185],[94.8977959,28.9885246],[94.8991006,28.9910738],[94.9003027,28.9934225],[94.9003778,28.9936219],[94.9004411,28.9937723],[94.9008146,28.9945144],[94.9010897,28.9945302],[94.9012577,28.9945306],[94.9014095,28.9945185],[94.9015529,28.9944956],[94.9017221,28.9944388],[94.9020794,28.9942894],[94.9023343,28.9941828],[94.902357,28.9940812],[94.9023883,28.9940657],[94.9024145,28.9940522],[94.9025105,28.9940784],[94.9026803,28.9939895],[94.9003582,28.9896345],[94.8980841,28.9849384],[94.8970556,28.982808],[94.8952381,28.9835265]]]]}},
{"type":"Feature","properties":{"osm_id":"889538526","code":5651,"fclass":"airport","name":"Rupsi Airport"},"geometry":{"type":"MultiPolygon","coordinates":[[[[89.8979693,26.1358897],[89.9052181,26.1411869],[89.9029473,26.1425699],[89.9041849,26.1440245],[89.9068376,26.1423559],[89.9138599,26.1474605],[89.9154391,26.1486086],[89.9167008,26.1466705],[89.9134069,26.1443085],[89.9133694,26.143582],[89.913171,26.1385739],[89.9164188,26.1367016],[89.9162092,26.1359586],[89.9159285,26.1349633],[89.9146322,26.1357779],[89.9131645,26.1357136],[89.9131842,26.1349047],[89.9130956,26.1349036],[89.9130165,26.1349026],[89.9130088,26.1343954],[89.9129687,26.1343207],[89.9127561,26.1343331],[89.9124241,26.134175],[89.9121136,26.1341897],[89.9114198,26.1343105],[89.9108652,26.134376],[89.9103374,26.1344137],[89.9099361,26.1344739],[89.9096331,26.1344666],[89.9090929,26.1343992],[89.9085232,26.1344075],[89.9076497,26.1343546],[89.9074505,26.1341776],[89.9063961,26.1341459],[89.9063478,26.1339581],[89.9062432,26.1340039],[89.905991,26.1340616],[89.9057765,26.1340785],[89.9054642,26.1341448],[89.905358,26.1342131],[89.905266,26.1344038],[89.9052164,26.1344546],[89.9051085,26.13448],[89.9048834,26.1344729],[89.9045947,26.1345605],[89.9041109,26.1345989],[89.9039888,26.1346225],[89.903755,26.1347795],[89.90369,26.1347923],[89.903566,26.1347923],[89.9035355,26.1348069],[89.9034968,26.134878],[89.9034562,26.1351226],[89.9034176,26.1351937],[89.9033667,26.1352065],[89.9032692,26.1351864],[89.9031919,26.1351518],[89.9030679,26.1349674],[89.9017769,26.1354995],[89.9012551,26.1353023],[89.9002288,26.1354612],[89.8996165,26.1356074],[89.8988748,26.135823],[89.898812,26.1358413],[89.8979693,26.1358897]]]]}},
{"type":"Feature","properties":{"osm_id":"894910772","code":5655,"fclass":"helipad","name":null},"geometry":{"type":"MultiPolygon","coordinates":[[[[94.4788376,29.0671755],[94.4792131,29.0671732],[94.4791166,29.0663644],[94.4788752,29.0664675],[94.4788376,29.0671755]]]]}},
{"type":"Feature","properties":{"osm_id":"894910794","code":5655,"fclass":"helipad","name":null},"geometry":{"type":"MultiPolygon","coordinates":[[[[94.4886956,29.0663119],[94.4889588,29.0663452],[94.4889095,29.0660408],[94.4887439,29.0660199],[94.4886956,29.0663119]]]]}},
{"type":"Feature","properties":{"osm_id":"894910815","code":5655,"fclass":"helipad","name":null},"geometry":{"type":"MultiPolygon","coordinates":[[[[94.3770017,28.5320145],[94.377967,28.5321299],[94.3779865,28.5320039],[94.3776608,28.5319649],[94.3777042,28.5316846],[94.3776582,28.5316791],[94.3776261,28.5318861],[94.3770325,28.5318152],[94.3770017,28.5320145]]]]}},
{"type":"Feature","properties":{"osm_id":"895391463","code":5655,"fclass":"helipad","name":null},"geometry":{"type":"MultiPolygon","coordinates":[[[[94.2448193,28.847534],[94.2450599,28.847539],[94.2450756,28.8469556],[94.2448351,28.8469506],[94.2448193,28.847534]]]]}},
{"type":"Feature","properties":{"osm_id":"895536922","code":5655,"fclass":"helipad","name":"Roing Helipad"},"geometry":{"type":"MultiPolygon","coordinates":[[[[95.8391254,28.1459783],[95.8393954,28.1466429],[95.8397153,28.1465383],[95.8396033,28.146255],[95.8394533,28.1458755],[95.8391254,28.1459783]]]]}},
{"type":"Feature","properties":{"osm_id":"896853164","code":5655,"fclass":"helipad","name":null},"geometry":{"type":"MultiPolygon","coordinates":[[[[93.4593449,28.4854055],[93.4596438,28.4856032],[93.4599984,28.4853513],[93.4602384,28.4851808],[93.4599488,28.4849777],[93.4593449,28.4854055]]]]}},
{"type":"Feature","properties":{"osm_id":"896927736","code":5655,"fclass":"helipad","name":null},"geometry":{"type":"MultiPolygon","coordinates":[[[[93.3254747,28.4209889],[93.3257675,28.4210962],[93.3260236,28.4205956],[93.3257024,28.4205205],[93.3254747,28.4209889]]]]}},
{"type":"Feature","properties":{"osm_id":"897120033","code":5655,"fclass":"helipad","name":null},"geometry":{"type":"MultiPolygon","coordinates":[[[[93.7452575,28.0277245],[93.7455365,28.0279708],[93.7462748,28.0272404],[93.7458498,28.0270754],[93.7455537,28.0271654],[93.7453347,28.0273271],[93.7452771,28.0275314],[93.7452575,28.0277245]]]]}},
{"type":"Feature","properties":{"osm_id":"897480156","code":5655,"fclass":"helipad","name":null},"geometry":{"type":"MultiPolygon","coordinates":[[[[96.6036195,28.3119534],[96.6039558,28.3120603],[96.6046469,28.3108762],[96.6044462,28.3108022],[96.6042453,28.3107282],[96.6036195,28.3119534]]]]}},
{"type":"Feature","properties":{"osm_id":"897480164","code":5655,"fclass":"helipad","name":null},"geometry":{"type":"MultiPolygon","coordinates":[[[[96.5660097,28.4355065],[96.5662,28.4356331],[96.5663463,28.435463],[96.5661561,28.4353365],[96.5660097,28.4355065]]]]}},
{"type":"Feature","properties":{"osm_id":"897576611","code":5655,"fclass":"helipad","name":null},"geometry":{"type":"MultiPolygon","coordinates":[[[[93.3569411,27.902931],[93.3578518,27.9030919],[93.3580059,27.9024935],[93.3570812,27.9023697],[93.3569411,27.902931]]]]}},
{"type":"Feature","properties":{"osm_id":"897576617","code":5655,"fclass":"helipad","name":null},"geometry":{"type":"MultiPolygon","coordinates":[[[[93.3449065,27.8963151],[93.3449672,27.8967072],[93.3457004,27.8966618],[93.3456537,27.8962655],[93.3449065,27.8963151]]]]}},
{"type":"Feature","properties":{"osm_id":"897576669","code":5655,"fclass":"helipad","name":null},"geometry":{"type":"MultiPolygon","coordinates":[[[[93.3378641,28.1072739],[93.3383596,28.108173],[93.3389541,28.1078858],[93.3384728,28.1070741],[93.3381437,28.1071821],[93.3378641,28.1072739]]]]}},
{"type":"Feature","properties":{"osm_id":"897591210","code":5655,"fclass":"helipad","name":null},"geometry":{"type":"MultiPolygon","coordinates":[[[[93.0506708,27.682595],[93.0506831,27.6830097],[93.0513856,27.6829551],[93.0513363,27.682595],[93.0506708,27.682595]]]]}},
{"type":"Feature","properties":{"osm_id":"897591231","code":5655,"fclass":"helipad","name":null},"geometry":{"type":"MultiPolygon","coordinates":[[[[93.0197235,27.6172192],[93.0206354,27.6178752],[93.0210753,27.6174284],[93.019938,27.6167724],[93.0197235,27.6172192]]]]}},
{"type":"Feature","properties":{"osm_id":"897960246","code":5655,"fclass":"helipad","name":null},"geometry":{"type":"MultiPolygon","coordinates":[[[[95.21189,28.492456],[95.2123192,28.4928709],[95.2136496,28.4923429],[95.2130702,28.4919091],[95.21189,28.492456]]]]}},
{"type":"Feature","properties":{"osm_id":"898206153","code":5655,"fclass":"helipad","name":null},"geometry":{"type":"MultiPolygon","coordinates":[[[[93.9591435,28.756496],[93.9593838,28.7566472],[93.9597813,28.7562232],[93.9594917,28.7560395],[93.9591435,28.756496]]]]}},
{"type":"Feature","properties":{"osm_id":"898206192","code":5655,"fclass":"helipad","name":"Yorlung Helipad"},"geometry":{"type":"MultiPolygon","coordinates":[[[[93.9694987,28.6713969],[93.9698106,28.6717097],[93.9704593,28.6712117],[93.970039,28.6709823],[93.9694987,28.6713969]]]]}},
{"type":"Feature","properties":{"osm_id":"898225096","code":5655,"fclass":"helipad","name":null},"geometry":{"type":"MultiPolygon","coordinates":[[[[93.4766369,28.3638501],[93.477109,28.3640295],[93.47808,28.3641994],[93.4782624,28.3639162],[93.4766423,28.3636566],[93.4766369,28.3638501]]]]}},
{"type":"Feature","properties":{"osm_id":"899915731","code":5655,"fclass":"helipad","name":null},"geometry":{"type":"MultiPolygon","coordinates":[[[[88.5609514,27.7169744],[88.5613163,27.7169895],[88.5613757,27.7155696],[88.5609878,27.7155557],[88.5609561,27.7161603],[88.5609514,27.7169744]]]]}},
{"type":"Feature","properties":{"osm_id":"902690881","code":5655,"fclass":"helipad","name":null},"geometry":{"type":"MultiPolygon","coordinates":[[[[91.7837266,27.7492004],[91.7839949,27.7492226],[91.7840216,27.7489692],[91.7837533,27.748947],[91.7837266,27.7492004]]]]}},
{"type":"Feature","properties":{"osm_id":"912164497","code":5655,"fclass":"helipad","name":null},"geometry":{"type":"MultiPolygon","coordinates":[[[[91.811318,24.1330784],[91.8113246,24.1331007],[91.8113391,24.1331197],[91.8113579,24.1331322],[91.81138,24.1331387],[91.8114033,24.1331387],[91.8114254,24.1331319],[91.8114441,24.1331193],[91.8114575,24.1331019],[91.8114643,24.1330816],[91.8114638,24.1330604],[91.8114561,24.1330403],[91.8114419,24.1330235],[91.8114208,24.1330108],[91.8113962,24.1330053],[91.8113711,24.1330077],[91.8113483,24.1330178],[91.8113306,24.1330344],[91.8113201,24.1330554],[91.811318,24.1330784]]]]}},
{"type":"Feature","properties":{"osm_id":"915354873","code":5655,"fclass":"helipad","name":null},"geometry":{"type":"MultiPolygon","coordinates":[[[[91.8445125,27.6981301],[91.8446116,27.6983464],[91.8448045,27.698268],[91.8447019,27.6980534],[91.8445125,27.6981301]]]]}},
{"type":"Feature","properties":{"osm_id":"915488207","code":5655,"fclass":"helipad","name":null},"geometry":{"type":"MultiPolygon","coordinates":[[[[97.1982903,28.2499128],[97.1985725,28.2501694],[97.1989093,28.249882],[97.198627,28.2496254],[97.1982903,28.2499128]]]]}},
{"type":"Feature","properties":{"osm_id":"926836021","code":5655,"fclass":"helipad","name":"Kupup Helipad"},"geometry":{"type":"MultiPolygon","coordinates":[[[[88.8411165,27.3508387],[88.8419927,27.3512278],[88.8423009,27.350782],[88.8415239,27.350432],[88.8414027,27.3503773],[88.8411165,27.3508387]]]]}},
{"type":"Feature","properties":{"osm_id":"926836022","code":5655,"fclass":"helipad","name":null},"geometry":{"type":"MultiPolygon","coordinates":[[[[88.8214356,27.3755783],[88.8216526,27.37575],[88.8223442,27.375061],[88.8221273,27.3748893],[88.8214356,27.3755783]]]]}},
{"type":"Feature","properties":{"osm_id":"962682167","code":5655,"fclass":"helipad","name":null},"geometry":{"type":"MultiPolygon","coordinates":[[[[96.54963,28.0731625],[96.5499436,28.0737812],[96.5513243,28.0732365],[96.5510347,28.0725703],[96.54963,28.0731625]]]]}},
{"type":"Feature","properties":{"osm_id":"967103778","code":5651,"fclass":"airport","name":null},"geometry":{"type":"MultiPolygon","coordinates":[[[[95.2322153,27.5474279],[95.2352854,27.5490251],[95.2359252,27.549075],[95.235921,27.549777],[95.2405241,27.5498288],[95.2406319,27.5498324],[95.2406319,27.5494683],[95.241319,27.5494467],[95.2413373,27.549207],[95.2415185,27.549205],[95.2415306,27.5489517],[95.24336,27.549118],[95.2433551,27.5485604],[95.2457861,27.5488186],[95.2467337,27.5486068],[95.2482432,27.5486472],[95.2482362,27.5487652],[95.2490791,27.5487445],[95.2490744,27.5484381],[95.2494288,27.548423],[95.2503177,27.5483579],[95.2503055,27.5480893],[95.250023,27.5480965],[95.2498807,27.5480731],[95.2497953,27.548019],[95.249775,27.5479181],[95.249775,27.5478478],[95.2497262,27.547828],[95.2489619,27.5479019],[95.2489091,27.5478622],[95.2488621,27.5477893],[95.2488122,27.547335],[95.2487854,27.5472875],[95.2487357,27.5472839],[95.2485372,27.5472875],[95.2482677,27.5473303],[95.2481658,27.5473433],[95.2481188,27.5473386],[95.248092,27.5473041],[95.2480893,27.5472458],[95.2480973,27.5451516],[95.2418362,27.5454855],[95.2417602,27.5454714],[95.2417407,27.5454259],[95.2417389,27.5452847],[95.2417545,27.5449498],[95.2417429,27.5448183],[95.2417055,27.5446879],[95.2416436,27.5445699],[95.2409519,27.5435793],[95.2406575,27.5432004],[95.2385017,27.5429147],[95.2381181,27.5428386],[95.2375093,27.542772],[95.2367714,27.5427258],[95.2364978,27.5426616],[95.2354035,27.5425047],[95.2351674,27.5425522],[95.2344567,27.5426711],[95.2341681,27.5426734],[95.2336847,27.5425906],[95.2344169,27.5437878],[95.2337582,27.5441814],[95.2349831,27.5460074],[95.235015,27.5461304],[95.2350412,27.5462915],[95.2350088,27.5464841],[95.2349472,27.5466398],[95.234183,27.5469999],[95.2338255,27.5466123],[95.2322153,27.5474279]]]]}},
{"type":"Feature","properties":{"osm_id":"967103778","code":5652,"fclass":"airfield","name":null},"geometry":{"type":"MultiPolygon","coordinates":[[[[95.2322153,27.5474279],[95.2352854,27.5490251],[95.2359252,27.549075],[95.235921,27.549777],[95.2405241,27.5498288],[95.2406319,27.5498324],[95.2406319,27.5494683],[95.241319,27.5494467],[95.2413373,27.549207],[95.2415185,27.549205],[95.2415306,27.5489517],[95.24336,27.549118],[95.2433551,27.5485604],[95.2457861,27.5488186],[95.2467337,27.5486068],[95.2482432,27.5486472],[95.2482362,27.5487652],[95.2490791,27.5487445],[95.2490744,27.5484381],[95.2494288,27.548423],[95.2503177,27.5483579],[95.2503055,27.5480893],[95.250023,27.5480965],[95.2498807,27.5480731],[95.2497953,27.548019],[95.249775,27.5479181],[95.249775,27.5478478],[95.2497262,27.547828],[95.2489619,27.5479019],[95.2489091,27.5478622],[95.2488621,27.5477893],[95.2488122,27.547335],[95.2487854,27.5472875],[95.2487357,27.5472839],[95.2485372,27.5472875],[95.2482677,27.5473303],[95.2481658,27.5473433],[95.2481188,27.5473386],[95.248092,27.5473041],[95.2480893,27.5472458],[95.2480973,27.5451516],[95.2418362,27.5454855],[95.2417602,27.5454714],[95.2417407,27.5454259],[95.2417389,27.5452847],[95.2417545,27.5449498],[95.2417429,27.5448183],[95.2417055,27.5446879],[95.2416436,27.5445699],[95.2409519,27.5435793],[95.2406575,27.5432004],[95.2385017,27.5429147],[95.2381181,27.5428386],[95.2375093,27.542772],[95.2367714,27.5427258],[95.2364978,27.5426616],[95.2354035,27.5425047],[95.2351674,27.5425522],[95.2344567,27.5426711],[95.2341681,27.5426734],[95.2336847,27.5425906],[95.2344169,27.5437878],[95.2337582,27.5441814],[95.2349831,27.5460074],[95.235015,27.5461304],[95.2350412,27.5462915],[95.2350088,27.5464841],[95.2349472,27.5466398],[95.234183,27.5469999],[95.2338255,27.5466123],[95.2322153,27.5474279]]]]}},
{"type":"Feature","properties":{"osm_id":"967196827","code":5655,"fclass":"helipad","name":null},"geometry":{"type":"MultiPolygon","coordinates":[[[[92.7930414,26.72024],[92.7932232,26.7204056],[92.7933071,26.7203321],[92.7933886,26.7202608],[92.7932069,26.7200952],[92.7931248,26.7201671],[92.7930414,26.72024]]]]}},
{"type":"Feature","properties":{"osm_id":"967196828","code":5655,"fclass":"helipad","name":null},"geometry":{"type":"MultiPolygon","coordinates":[[[[92.7920125,26.7192861],[92.7921886,26.719449],[92.7922618,26.7193859],[92.7923453,26.7193138],[92.7921691,26.719151],[92.7920836,26.7192247],[92.7920125,26.7192861]]]]}},
{"type":"Feature","properties":{"osm_id":"967196835","code":5655,"fclass":"helipad","name":null},"geometry":{"type":"MultiPolygon","coordinates":[[[[92.7907668,26.7181467],[92.7908791,26.7182465],[92.7909502,26.7183096],[92.791019,26.7182478],[92.7910952,26.7181793],[92.7909701,26.7180683],[92.7909118,26.7180165],[92.7908386,26.7180823],[92.7907668,26.7181467]]]]}},
{"type":"Feature","properties":{"osm_id":"967196836","code":5655,"fclass":"helipad","name":null},"geometry":{"type":"MultiPolygon","coordinates":[[[[92.7896689,26.7171642],[92.7898537,26.7173238],[92.7899351,26.7172501],[92.7900109,26.7171797],[92.7898292,26.7170174],[92.7897552,26.7170844],[92.7896689,26.7171642]]]]}},
{"type":"Feature","properties":{"osm_id":"967196882","code":5651,"fclass":"airport","name":"Tezpur Air Force Station"},"geometry":{"type":"MultiPolygon","coordinates":[[[[92.7667761,26.6982252],[92.7677997,26.6992239],[92.7676596,26.6993511],[92.7702491,26.7019858],[92.7704819,26.7038039],[92.7718786,26.7036836],[92.7719599,26.7036037],[92.7719802,26.7034748],[92.7720896,26.7034557],[92.7723339,26.703413],[92.7725148,26.7035765],[92.7727079,26.7036963],[92.7727725,26.7049036],[92.7728005,26.7052186],[92.7729173,26.7055669],[92.7730621,26.7058798],[92.7734832,26.7065793],[92.7736548,26.7069363],[92.7738131,26.7074299],[92.7739484,26.7080752],[92.7740289,26.7085568],[92.7741344,26.7088737],[92.7745288,26.7091903],[92.7749604,26.7091485],[92.7757724,26.709948],[92.7758153,26.7105805],[92.7760196,26.7107646],[92.7758828,26.7109563],[92.7768242,26.7118944],[92.7763385,26.7122031],[92.776671,26.7149192],[92.7760405,26.7149463],[92.7760822,26.7174824],[92.7761736,26.7178564],[92.7764536,26.7185488],[92.7764625,26.718857],[92.7768534,26.7188921],[92.7768488,26.7190241],[92.7771399,26.7190338],[92.777143,26.7190173],[92.7772139,26.7190035],[92.777429,26.7189867],[92.7774284,26.7191153],[92.7774279,26.7192349],[92.7778278,26.7192507],[92.777842,26.719393],[92.7778495,26.7205228],[92.7786032,26.720748],[92.7786502,26.722492],[92.7801403,26.7224207],[92.780151,26.7253651],[92.7800247,26.7253926],[92.7799616,26.7255577],[92.7800153,26.7259874],[92.7800014,26.7260218],[92.7800276,26.726059],[92.7800802,26.7262526],[92.7815782,26.726007],[92.7814023,26.7267445],[92.7800138,26.7266583],[92.7799695,26.727626],[92.7859962,26.7277476],[92.7860378,26.7278865],[92.7864391,26.7278942],[92.7864381,26.7277825],[92.7877882,26.7277587],[92.7879432,26.7282165],[92.7880565,26.7281883],[92.7888238,26.7297314],[92.7889861,26.7297255],[92.7891117,26.7301748],[92.7893464,26.7301352],[92.789591,26.7314598],[92.7901592,26.7313746],[92.7901646,26.7314034],[92.7910851,26.7312614],[92.7910697,26.7319752],[92.7918617,26.7320788],[92.7918648,26.7323347],[92.7927182,26.7322412],[92.7932221,26.732249],[92.7935946,26.732451],[92.7940733,26.7331559],[92.7947451,26.7326557],[92.7935951,26.7313901],[92.7930937,26.7314241],[92.7925754,26.7303888],[92.7922938,26.7305218],[92.7919436,26.730141],[92.7921806,26.7300398],[92.7919915,26.7300159],[92.791835,26.7297854],[92.7918686,26.7294848],[92.7916868,26.7295646],[92.7913441,26.7288454],[92.791144,26.7279115],[92.7916805,26.7277599],[92.7913869,26.7263533],[92.7916011,26.7257935],[92.7912967,26.725857],[92.7911348,26.7254033],[92.7910295,26.7241577],[92.7916156,26.7219374],[92.7917376,26.7219602],[92.791838,26.7215251],[92.7937418,26.7218758],[92.7943435,26.7220212],[92.7950442,26.7221382],[92.7954796,26.722233],[92.7961543,26.7223919],[92.7963191,26.7236413],[92.797169,26.7236668],[92.7971242,26.7230205],[92.7986594,26.7229846],[92.7988266,26.7234348],[92.7990655,26.7234174],[92.7990743,26.7234443],[92.7994845,26.7234124],[92.7995393,26.723071],[92.8005235,26.7232651],[92.8006608,26.7240036],[92.7995662,26.7240509],[92.7994829,26.724552],[92.800546,26.7253354],[92.8009601,26.7248001],[92.8013193,26.7248996],[92.8015905,26.7241703],[92.8016736,26.7238062],[92.801732,26.723492],[92.8017471,26.7233981],[92.8017273,26.7232534],[92.8017016,26.7231794],[92.8016444,26.7231398],[92.8015534,26.7230939],[92.8006226,26.7229435],[92.8005722,26.7227749],[92.8003632,26.7227707],[92.8003609,26.722655],[92.800348,26.7225976],[92.800313,26.7225476],[92.8002663,26.7225142],[92.8002138,26.7224913],[92.7996935,26.7224654],[92.7996955,26.7223546],[92.7993357,26.7223455],[92.7992808,26.7226687],[92.7982925,26.7224402],[92.7983955,26.7218012],[92.7985982,26.720994],[92.7982584,26.7203224],[92.7978789,26.7197856],[92.7970062,26.7190111],[92.796383,26.7184661],[92.7960621,26.7181295],[92.7948275,26.7167146],[92.7942538,26.7160699],[92.793621,26.7153554],[92.7936921,26.7151975],[92.7938649,26.7149051],[92.7954144,26.7130651],[92.7960869,26.7126688],[92.7967127,26.7120347],[92.7978065,26.7111653],[92.7977314,26.7110814],[92.7990806,26.7100025],[92.7988039,26.7097152],[92.7990413,26.7095247],[92.7986834,26.7086974],[92.797381,26.7081635],[92.7967455,26.7080129],[92.7959697,26.7080429],[92.7955213,26.7080603],[92.7954293,26.7082262],[92.7951178,26.7081662],[92.7945866,26.7088508],[92.7948874,26.7090847],[92.7947706,26.7092238],[92.7943817,26.7091195],[92.7936727,26.710061],[92.7935063,26.7104151],[92.7934231,26.7107006],[92.7850889,26.7071105],[92.7860754,26.7049331],[92.7847377,26.7040334],[92.7833915,26.7063335],[92.781951,26.7056838],[92.7800151,26.7043008],[92.7791943,26.7035384],[92.7791455,26.7027336],[92.7795612,26.7021513],[92.7792401,26.7014273],[92.7790253,26.701273],[92.7783575,26.7000642],[92.7776574,26.7002128],[92.7764987,26.7003374],[92.7743364,26.6983308],[92.7742828,26.6980121],[92.7736282,26.6974155],[92.7707909,26.6948295],[92.7696295,26.6958072],[92.7688374,26.6951291],[92.768782,26.6950493],[92.7687512,26.694752],[92.7676226,26.6938089],[92.7668131,26.6944785],[92.7678129,26.6953876],[92.7678316,26.6956839],[92.7683292,26.6959729],[92.7685114,26.6958644],[92.7690531,26.6963442],[92.7667761,26.6982252]]]]}},
{"type":"Feature","properties":{"osm_id":"967196882","code":5652,"fclass":"airfield","name":"Tezpur Air Force Station"},"geometry":{"type":"MultiPolygon","coordinates":[[[[92.7667761,26.6982252],[92.7677997,26.6992239],[92.7676596,26.6993511],[92.7702491,26.7019858],[92.7704819,26.7038039],[92.7718786,26.7036836],[92.7719599,26.7036037],[92.7719802,26.7034748],[92.7720896,26.7034557],[92.7723339,26.703413],[92.7725148,26.7035765],[92.7727079,26.7036963],[92.7727725,26.7049036],[92.7728005,26.7052186],[92.7729173,26.7055669],[92.7730621,26.7058798],[92.7734832,26.7065793],[92.7736548,26.7069363],[92.7738131,26.7074299],[92.7739484,26.7080752],[92.7740289,26.7085568],[92.7741344,26.7088737],[92.7745288,26.7091903],[92.7749604,26.7091485],[92.7757724,26.709948],[92.7758153,26.7105805],[92.7760196,26.7107646],[92.7758828,26.7109563],[92.7768242,26.7118944],[92.7763385,26.7122031],[92.776671,26.7149192],[92.7760405,26.7149463],[92.7760822,26.7174824],[92.7761736,26.7178564],[92.7764536,26.7185488],[92.7764625,26.718857],[92.7768534,26.7188921],[92.7768488,26.7190241],[92.7771399,26.7190338],[92.777143,26.7190173],[92.7772139,26.7190035],[92.777429,26.7189867],[92.7774284,26.7191153],[92.7774279,26.7192349],[92.7778278,26.7192507],[92.777842,26.719393],[92.7778495,26.7205228],[92.7786032,26.720748],[92.7786502,26.722492],[92.7801403,26.7224207],[92.780151,26.7253651],[92.7800247,26.7253926],[92.7799616,26.7255577],[92.7800153,26.7259874],[92.7800014,26.7260218],[92.7800276,26.726059],[92.7800802,26.7262526],[92.7815782,26.726007],[92.7814023,26.7267445],[92.7800138,26.7266583],[92.7799695,26.727626],[92.7859962,26.7277476],[92.7860378,26.7278865],[92.7864391,26.7278942],[92.7864381,26.7277825],[92.7877882,26.7277587],[92.7879432,26.7282165],[92.7880565,26.7281883],[92.7888238,26.7297314],[92.7889861,26.7297255],[92.7891117,26.7301748],[92.7893464,26.7301352],[92.789591,26.7314598],[92.7901592,26.7313746],[92.7901646,26.7314034],[92.7910851,26.7312614],[92.7910697,26.7319752],[92.7918617,26.7320788],[92.7918648,26.7323347],[92.7927182,26.7322412],[92.7932221,26.732249],[92.7935946,26.732451],[92.7940733,26.7331559],[92.7947451,26.7326557],[92.7935951,26.7313901],[92.7930937,26.7314241],[92.7925754,26.7303888],[92.7922938,26.7305218],[92.7919436,26.730141],[92.7921806,26.7300398],[92.7919915,26.7300159],[92.791835,26.7297854],[92.7918686,26.7294848],[92.7916868,26.7295646],[92.7913441,26.7288454],[92.791144,26.7279115],[92.7916805,26.7277599],[92.7913869,26.7263533],[92.7916011,26.7257935],[92.7912967,26.725857],[92.7911348,26.7254033],[92.7910295,26.7241577],[92.7916156,26.7219374],[92.7917376,26.7219602],[92.791838,26.7215251],[92.7937418,26.7218758],[92.7943435,26.7220212],[92.7950442,26.7221382],[92.7954796,26.722233],[92.7961543,26.7223919],[92.7963191,26.7236413],[92.797169,26.7236668],[92.7971242,26.7230205],[92.7986594,26.7229846],[92.7988266,26.7234348],[92.7990655,26.7234174],[92.7990743,26.7234443],[92.7994845,26.7234124],[92.7995393,26.723071],[92.8005235,26.7232651],[92.8006608,26.7240036],[92.7995662,26.7240509],[92.7994829,26.724552],[92.800546,26.7253354],[92.8009601,26.7248001],[92.8013193,26.7248996],[92.8015905,26.7241703],[92.8016736,26.7238062],[92.801732,26.723492],[92.8017471,26.7233981],[92.8017273,26.7232534],[92.8017016,26.7231794],[92.8016444,26.7231398],[92.8015534,26.7230939],[92.8006226,26.7229435],[92.8005722,26.7227749],[92.8003632,26.7227707],[92.8003609,26.722655],[92.800348,26.7225976],[92.800313,26.7225476],[92.8002663,26.7225142],[92.8002138,26.7224913],[92.7996935,26.7224654],[92.7996955,26.7223546],[92.7993357,26.7223455],[92.7992808,26.7226687],[92.7982925,26.7224402],[92.7983955,26.7218012],[92.7985982,26.720994],[92.7982584,26.7203224],[92.7978789,26.7197856],[92.7970062,26.7190111],[92.796383,26.7184661],[92.7960621,26.7181295],[92.7948275,26.7167146],[92.7942538,26.7160699],[92.793621,26.7153554],[92.7936921,26.7151975],[92.7938649,26.7149051],[92.7954144,26.7130651],[92.7960869,26.7126688],[92.7967127,26.7120347],[92.7978065,26.7111653],[92.7977314,26.7110814],[92.7990806,26.7100025],[92.7988039,26.7097152],[92.7990413,26.7095247],[92.7986834,26.7086974],[92.797381,26.7081635],[92.7967455,26.7080129],[92.7959697,26.7080429],[92.7955213,26.7080603],[92.7954293,26.7082262],[92.7951178,26.7081662],[92.7945866,26.7088508],[92.7948874,26.7090847],[92.7947706,26.7092238],[92.7943817,26.7091195],[92.7936727,26.710061],[92.7935063,26.7104151],[92.7934231,26.7107006],[92.7850889,26.7071105],[92.7860754,26.7049331],[92.7847377,26.7040334],[92.7833915,26.7063335],[92.781951,26.7056838],[92.7800151,26.7043008],[92.7791943,26.7035384],[92.7791455,26.7027336],[92.7795612,26.7021513],[92.7792401,26.7014273],[92.7790253,26.701273],[92.7783575,26.7000642],[92.7776574,26.7002128],[92.7764987,26.7003374],[92.7743364,26.6983308],[92.7742828,26.6980121],[92.7736282,26.6974155],[92.7707909,26.6948295],[92.7696295,26.6958072],[92.7688374,26.6951291],[92.768782,26.6950493],[92.7687512,26.694752],[92.7676226,26.6938089],[92.7668131,26.6944785],[92.7678129,26.6953876],[92.7678316,26.6956839],[92.7683292,26.6959729],[92.7685114,26.6958644],[92.7690531,26.6963442],[92.7667761,26.6982252]]]]}},
{"type":"Feature","properties":{"osm_id":"977283762","code":5655,"fclass":"helipad","name":"Indian helipad, Taksing circle"},"geometry":{"type":"MultiPolygon","coordinates":[[[[93.1727178,28.4472822],[93.1729242,28.4474823],[93.1730668,28.4473649],[93.1731214,28.4474209],[93.173261,28.4473249],[93.173,28.4470581],[93.1727178,28.4472822]]]]}},
{"type":"Feature","properties":{"osm_id":"977283763","code":5655,"fclass":"helipad","name":"New Maja Helipad"},"geometry":{"type":"MultiPolygon","coordinates":[[[[93.4255276,28.5613076],[93.4257965,28.5615929],[93.4259625,28.5614788],[93.4256882,28.5611887],[93.4255276,28.5613076]]]]}},
{"type":"Feature","properties":{"osm_id":"977283764","code":5655,"fclass":"helipad","name":null},"geometry":{"type":"MultiPolygon","coordinates":[[[[94.3574197,28.627387],[94.3576534,28.6274829],[94.3577717,28.6272272],[94.3575441,28.6271233],[94.3574197,28.627387]]]]}},
{"type":"Feature","properties":{"osm_id":"977283765","code":5655,"fclass":"helipad","name":null},"geometry":{"type":"MultiPolygon","coordinates":[[[[96.1560785,28.6746621],[96.1561368,28.6748181],[96.1564183,28.6747371],[96.15636,28.6745812],[96.1560785,28.6746621]]]]}},
{"type":"Feature","properties":{"osm_id":"988951817","code":5651,"fclass":"airport","name":"Hayuliang"},"geometry":{"type":"MultiPolygon","coordinates":[[[[96.5463737,28.0747895],[96.5465963,28.0753409],[96.5466365,28.0753528],[96.5469852,28.0751587],[96.5473527,28.0750711],[96.5474389,28.0750388],[96.5473972,28.0749484],[96.5484099,28.0745702],[96.5483341,28.0744464],[96.5491231,28.0742021],[96.5514162,28.0732938],[96.5510863,28.0721673],[96.55103,28.0721531],[96.5509334,28.0721365],[96.5508449,28.0721862],[96.5506625,28.0722974],[96.5505472,28.072269],[96.5500778,28.07243],[96.5500939,28.0725601],[96.5497935,28.0726477],[96.5498471,28.0728512],[96.5467733,28.074541],[96.5463737,28.0747895]]]]}},
{"type":"Feature","properties":{"osm_id":"989141459","code":5655,"fclass":"helipad","name":"Longding Helipad"},"geometry":{"type":"MultiPolygon","coordinates":[[[[95.3163063,26.8802696],[95.3165715,26.8804477],[95.3167803,26.8802003],[95.3165151,26.8800222],[95.3163063,26.8802696]]]]}},
{"type":"Feature","properties":{"osm_id":"989370056","code":5655,"fclass":"helipad","name":null},"geometry":{"type":"MultiPolygon","coordinates":[[[[94.9253518,27.4367323],[94.9253539,27.4367672],[94.9253661,27.4368005],[94.9253876,27.4368298],[94.9254169,27.4368531],[94.925452,27.436869],[94.9254905,27.4368762],[94.9255298,27.4368744],[94.9255673,27.4368636],[94.9256003,27.4368445],[94.9256266,27.4368185],[94.9256445,27.4367874],[94.9256526,27.4367532],[94.9256506,27.4367183],[94.9256384,27.436685],[94.9256169,27.4366557],[94.9255876,27.4366323],[94.9255525,27.4366165],[94.925514,27.4366093],[94.9254746,27.4366111],[94.9254372,27.4366219],[94.9254042,27.436641],[94.9253778,27.436667],[94.92536,27.4366981],[94.9253518,27.4367323]]]]}},
{"type":"Feature","properties":{"osm_id":"991025938","code":5655,"fclass":"helipad","name":null},"geometry":{"type":"MultiPolygon","coordinates":[[[[97.2759219,28.2042974],[97.2759938,28.2044435],[97.2762292,28.2043873],[97.2762894,28.2043729],[97.2765243,28.204183],[97.2765098,28.2041712],[97.2763198,28.2040173],[97.2760905,28.2041416],[97.2759219,28.2042974]]]]}},
{"type":"Feature","properties":{"osm_id":"992625672","code":5655,"fclass":"helipad","name":null},"geometry":{"type":"MultiPolygon","coordinates":[[[[97.0220333,28.130614],[97.0222652,28.1307544],[97.0223328,28.1306835],[97.0221043,28.1305318],[97.0220333,28.130614]]]]}},
{"type":"Feature","properties":{"osm_id":"997221491","code":5655,"fclass":"helipad","name":null},"geometry":{"type":"MultiPolygon","coordinates":[[[[96.1127138,27.3008043],[96.1128918,27.3010542],[96.113095,27.3009425],[96.1129185,27.3006896],[96.1127138,27.3008043]]]]}},
{"type":"Feature","properties":{"osm_id":"1008924772","code":5655,"fclass":"helipad","name":null},"geometry":{"type":"MultiPolygon","coordinates":[[[[96.6653641,28.6610425],[96.6655883,28.6615165],[96.6660066,28.6613642],[96.6657825,28.6608902],[96.6653641,28.6610425]]]]}},
{"type":"Feature","properties":{"osm_id":"1013149910","code":5655,"fclass":"helipad","name":"Huri Helipad"},"geometry":{"type":"MultiPolygon","coordinates":[[[[93.3027111,28.108399],[93.3032111,28.108498],[93.3032642,28.1082694],[93.3030968,28.1082208],[93.3030764,28.1082946],[93.3029581,28.1082766],[93.3029519,28.108327],[93.3027418,28.1082766],[93.3027111,28.108399]]]]}},
{"type":"Feature","properties":{"osm_id":"1020759001","code":5655,"fclass":"helipad","name":null},"geometry":{"type":"MultiPolygon","coordinates":[[[[96.6187374,28.3434553],[96.6187535,28.3435698],[96.6188594,28.3435687],[96.6188447,28.343453],[96.6187374,28.3434553]]]]}},
{"type":"Feature","properties":{"osm_id":"1022171164","code":5651,"fclass":"airport","name":"Itanagar Holongi Airport"},"geometry":{"type":"MultiPolygon","coordinates":[[[[93.6204535,26.9667172],[93.6226004,26.9669272],[93.6229456,26.9669672],[93.6235229,26.9670215],[93.6242493,26.9670727],[93.6248881,26.9670994],[93.6266326,26.9671722],[93.6269257,26.9671885],[93.6278766,26.9672411],[93.6300562,26.9675084],[93.6307227,26.9675978],[93.6304477,26.9685871],[93.6304376,26.9686235],[93.6303398,26.9689755],[93.6302854,26.9698542],[93.6392633,26.9719413],[93.638766,26.9742942],[93.6387532,26.9743547],[93.6387455,26.9743912],[93.6387066,26.9745757],[93.6393719,26.974704],[93.6405216,26.9747591],[93.6416405,26.9749035],[93.6419686,26.9749485],[93.6435273,26.9753232],[93.643716,26.9753764],[93.6440705,26.9755107],[93.6444561,26.9756528],[93.6447264,26.975716],[93.6453336,26.9758503],[93.6471506,26.976186],[93.6477489,26.9763914],[93.6488435,26.9767785],[93.6494507,26.9767627],[93.6505691,26.9768582],[93.6515602,26.9771046],[93.6516309,26.9767892],[93.6516406,26.9767462],[93.6520902,26.9747419],[93.6528298,26.9736626],[93.6528476,26.9736339],[93.6532678,26.9729568],[93.653889,26.9720756],[93.6539671,26.9719876],[93.6543657,26.9715291],[93.6548089,26.9715131],[93.6550569,26.9715041],[93.6564625,26.971937],[93.6570599,26.9720881],[93.6571484,26.9721105],[93.6574447,26.972176],[93.6629874,26.9734249],[93.663375,26.9721527],[93.6633976,26.9720786],[93.6578312,26.9708018],[93.6575332,26.9707368],[93.6557059,26.9703204],[93.6558596,26.9697646],[93.655891,26.9696511],[93.6563546,26.967975],[93.6564166,26.9677508],[93.6564747,26.9675407],[93.6564238,26.9675303],[93.6551451,26.9672699],[93.6551778,26.966378],[93.6505871,26.9657911],[93.6501158,26.9680157],[93.6403941,26.9657733],[93.6339498,26.9643008],[93.6293739,26.9632642],[93.6287083,26.9632011],[93.6284574,26.9632089],[93.6279687,26.9634796],[93.6275834,26.9636207],[93.6271543,26.9637778],[93.6270222,26.9637778],[93.6261668,26.9633594],[93.6252226,26.9626378],[93.6247956,26.9625566],[93.6247686,26.9625515],[93.6246415,26.962526],[93.6245711,26.9626986],[93.6245425,26.9627438],[93.6244684,26.9628212],[93.6242738,26.9630205],[93.6241112,26.9631784],[93.6239079,26.9633545],[93.6235806,26.9636294],[93.6228275,26.9642335],[93.622715,26.9643206],[93.6226163,26.9644138],[93.6225175,26.9645251],[93.6223897,26.9646287],[93.6221806,26.9648642],[93.6217711,26.9653276],[93.6215707,26.9655451],[93.6213556,26.9657793],[93.6208499,26.9662991],[93.6204535,26.9667172]]]]}},
{"type":"Feature","properties":{"osm_id":"1025406799","code":5651,"fclass":"airport","name":"Dirial Airfield"},"geometry":{"type":"MultiPolygon","coordinates":[[[[95.2727592,27.4001694],[95.2783212,27.4021476],[95.2780856,27.4025914],[95.2786745,27.4028546],[95.2787161,27.402782],[95.2792046,27.4029782],[95.2794112,27.4025799],[95.2800389,27.402849],[95.2802948,27.4024163],[95.2786136,27.4017877],[95.2786978,27.4016457],[95.2778823,27.4013371],[95.2777452,27.4014478],[95.2731149,27.3998121],[95.2730031,27.3999727],[95.2729442,27.4000286],[95.2728669,27.4000773],[95.2728039,27.4001225],[95.2727592,27.4001694]]]]}},
{"type":"Feature","properties":{"osm_id":"1049504821","code":5655,"fclass":"helipad","name":null},"geometry":{"type":"MultiPolygon","coordinates":[[[[95.8981359,28.8058277],[95.8982888,28.8060017],[95.8984834,28.8058703],[95.8983305,28.8056964],[95.8981359,28.8058277]]]]}},
{"type":"Feature","properties":{"osm_id":"1049504823","code":5655,"fclass":"helipad","name":null},"geometry":{"type":"MultiPolygon","coordinates":[[[[95.8989032,28.7971444],[95.8995147,28.797269],[95.899562,28.7970906],[95.8989505,28.796966],[95.8989032,28.7971444]]]]}},
{"type":"Feature","properties":{"osm_id":"1049504824","code":5655,"fclass":"helipad","name":"Anini Helipad"},"geometry":{"type":"MultiPolygon","coordinates":[[[[95.896388,28.7967341],[95.8968887,28.7968034],[95.8969297,28.7965764],[95.8964289,28.7965071],[95.896388,28.7967341]]]]}},
{"type":"Feature","properties":{"osm_id":"1057582752","code":5655,"fclass":"helipad","name":"IGAR Helipad"},"geometry":{"type":"MultiPolygon","coordinates":[[[[93.9240175,24.8561607],[93.9243033,24.8561676],[93.9243365,24.8554892],[93.9240481,24.8554776],[93.9240175,24.8561607]]]]}},
{"type":"Feature","properties":{"osm_id":"1062252743","code":5655,"fclass":"helipad","name":null},"geometry":{"type":"MultiPolygon","coordinates":[[[[97.0529683,28.3140027],[97.0531464,28.3140594],[97.0533052,28.3138176],[97.0531078,28.3137401],[97.0529683,28.3140027]]]]}},
{"type":"Feature","properties":{"osm_id":"1062252744","code":5655,"fclass":"helipad","name":null},"geometry":{"type":"MultiPolygon","coordinates":[[[[96.9849663,28.3161764],[96.9850603,28.3162266],[96.9851586,28.316084],[96.9850646,28.3160337],[96.9849663,28.3161764]]]]}},
{"type":"Feature","properties":{"osm_id":"1062252746","code":5655,"fclass":"helipad","name":null},"geometry":{"type":"MultiPolygon","coordinates":[[[[94.2633964,28.8333583],[94.2635155,28.8334231],[94.2638602,28.8329694],[94.2637519,28.8329078],[94.2633964,28.8333583]]]]}},
{"type":"Feature","properties":{"osm_id":"1065472301","code":5655,"fclass":"helipad","name":"Mualpui Helipad"},"geometry":{"type":"MultiPolygon","coordinates":[[[[92.7357718,23.7154117],[92.7362171,23.7154631],[92.7362505,23.7152204],[92.7358052,23.7151691],[92.7357718,23.7154117]]]]}},
{"type":"Feature","properties":{"osm_id":"1069828609","code":5651,"fclass":"airport","name":"Ledo Airfield (Abandoned)"},"geometry":{"type":"MultiPolygon","coordinates":[[[[95.7298135,27.3001352],[95.7348084,27.3020452],[95.7392007,27.303679],[95.7407284,27.3041885],[95.7442907,27.305508],[95.7444254,27.3050412],[95.7446599,27.3039872],[95.7446863,27.3037518],[95.7428159,27.3031869],[95.7407334,27.3024312],[95.7407194,27.3024584],[95.7406036,27.3024175],[95.740619,27.3023902],[95.7403622,27.3022985],[95.7404503,27.3017775],[95.7343414,27.2995185],[95.7341042,27.2997641],[95.7339534,27.3001014],[95.7334862,27.3003976],[95.7332669,27.3001318],[95.733165,27.2999389],[95.7328749,27.2998425],[95.73266,27.3002696],[95.7325005,27.3002677],[95.7322186,27.2999192],[95.7319759,27.2999098],[95.7317579,27.299877],[95.7316999,27.2996333],[95.7315101,27.2992938],[95.7314602,27.2990842],[95.7313151,27.298909],[95.7305583,27.2998364],[95.730144,27.2996962],[95.7298135,27.3001352]]]]}},
{"type":"Feature","properties":{"osm_id":"1075650983","code":5655,"fclass":"helipad","name":null},"geometry":{"type":"MultiPolygon","coordinates":[[[[94.1444833,26.9602992],[94.1444917,26.9603869],[94.144531,26.9604395],[94.1446204,26.9604586],[94.1447045,26.9604267],[94.1447402,26.9603741],[94.1447438,26.9602992],[94.1447045,26.9602434],[94.1446204,26.9602132],[94.144531,26.9602371],[94.1444833,26.9602992]]]]}},
{"type":"Feature","properties":{"osm_id":"1075650984","code":5655,"fclass":"helipad","name":null},"geometry":{"type":"MultiPolygon","coordinates":[[[[94.1450932,26.9608533],[94.1451016,26.960941],[94.145141,26.9609936],[94.1452304,26.9610128],[94.1453144,26.9609809],[94.1453502,26.9609283],[94.1453537,26.9608534],[94.1453144,26.9607976],[94.1452304,26.9607673],[94.145141,26.9607912],[94.1450932,26.9608533]]]]}},
{"type":"Feature","properties":{"osm_id":"1075650985","code":5655,"fclass":"helipad","name":null},"geometry":{"type":"MultiPolygon","coordinates":[[[[94.1453457,26.9601089],[94.1453541,26.9601966],[94.1453934,26.9602492],[94.1454828,26.9602683],[94.1455669,26.9602364],[94.1456026,26.9601838],[94.1456062,26.9601089],[94.1455669,26.9600531],[94.1454828,26.9600228],[94.1453934,26.9600467],[94.1453457,26.9601089]]]]}},
{"type":"Feature","properties":{"osm_id":"1077537820","code":5655,"fclass":"helipad","name":null},"geometry":{"type":"MultiPolygon","coordinates":[[[[88.9077132,27.3091317],[88.9079045,27.3091381],[88.9079045,27.3090809],[88.9079045,27.3088442],[88.9077185,27.3088362],[88.9077161,27.3089698],[88.9077132,27.3091317]]]]}},
{"type":"Feature","properties":{"osm_id":"1079431825","code":5655,"fclass":"helipad","name":null},"geometry":{"type":"MultiPolygon","coordinates":[[[[95.3008986,26.8138928],[95.3009293,26.8139728],[95.3009818,26.8140294],[95.3010627,26.8140802],[95.3011174,26.8140997],[95.3012027,26.8141173],[95.3012661,26.8141173],[95.3013689,26.8141036],[95.3014236,26.814088],[95.3014717,26.8140392],[95.3015089,26.8139494],[95.3015045,26.8138635],[95.3014848,26.8137991],[95.3014323,26.8137678],[95.3013339,26.8137678],[95.3012508,26.8137503],[95.3010408,26.8137483],[95.3009555,26.8137756],[95.3009139,26.8138303],[95.3008986,26.8138928]]]]}},
{"type":"Feature","properties":{"osm_id":"1086320585","code":5655,"fclass":"helipad","name":"Andra valley helipad"},"geometry":{"type":"MultiPolygon","coordinates":[[[[95.5705273,29.136347],[95.5710073,29.136673],[95.5713032,29.136874],[95.5714966,29.1366568],[95.5707206,29.1361298],[95.5705273,29.136347]]]]}},
{"type":"Feature","properties":{"osm_id":"1090624446","code":5655,"fclass":"helipad","name":null},"geometry":{"type":"MultiPolygon","coordinates":[[[[96.693558,28.4123887],[96.6938003,28.4126079],[96.6940443,28.4123992],[96.6938019,28.41218],[96.693558,28.4123887]]]]}},
{"type":"Feature","properties":{"osm_id":"1090651257","code":5655,"fclass":"helipad","name":null},"geometry":{"type":"MultiPolygon","coordinates":[[[[93.8996108,25.7630318],[93.8996303,25.7632444],[93.9000882,25.7632103],[93.9000687,25.7629977],[93.8996108,25.7630318]]]]}},
{"type":"Feature","properties":{"osm_id":"1092470677","code":5655,"fclass":"helipad","name":null},"geometry":{"type":"MultiPolygon","coordinates":[[[[93.5594049,27.7957209],[93.5594902,27.795893],[93.5596561,27.7958509],[93.5597916,27.7958815],[93.5599515,27.7958433],[93.5601071,27.7957897],[93.5601525,27.7956617],[93.5601449,27.7955327],[93.560091,27.7954975],[93.5600164,27.7955107],[93.5596318,27.7956674],[93.5594049,27.7957209]]]]}},
{"type":"Feature","properties":{"osm_id":"1093794909","code":5655,"fclass":"helipad","name":null},"geometry":{"type":"MultiPolygon","coordinates":[[[[94.7927221,28.8085489],[94.7928611,28.8085633],[94.7928632,28.8084952],[94.7927262,28.8084809],[94.7927221,28.8085489]]]]}},
{"type":"Feature","properties":{"osm_id":"1094932078","code":5655,"fclass":"helipad","name":null},"geometry":{"type":"MultiPolygon","coordinates":[[[[94.9786751,29.1330904],[94.9787826,29.133162],[94.9788395,29.1330967],[94.9787321,29.1330251],[94.9786751,29.1330904]]]]}},
{"type":"Feature","properties":{"osm_id":"1094932079","code":5655,"fclass":"helipad","name":null},"geometry":{"type":"MultiPolygon","coordinates":[[[[95.0675906,28.5386836],[95.0678105,28.5389452],[95.0684543,28.5384975],[95.0682129,28.5382948],[95.0675906,28.5386836]]]]}},
{"type":"Feature","properties":{"osm_id":"1094937331","code":5655,"fclass":"helipad","name":null},"geometry":{"type":"MultiPolygon","coordinates":[[[[94.9557269,28.3152782],[94.9557656,28.3153314],[94.9558039,28.3153842],[94.9560122,28.3152669],[94.9559352,28.315161],[94.9557269,28.3152782]]]]}},
{"type":"Feature","properties":{"osm_id":"1094939113","code":5655,"fclass":"helipad","name":null},"geometry":{"type":"MultiPolygon","coordinates":[[[[95.0022795,28.2088634],[95.0025111,28.2088645],[95.0025119,28.2087373],[95.0022803,28.2087362],[95.0022795,28.2088634]]]]}},
{"type":"Feature","properties":{"osm_id":"1094945492","code":5655,"fclass":"helipad","name":null},"geometry":{"type":"MultiPolygon","coordinates":[[[[96.3539999,27.8807076],[96.3540041,27.8807546],[96.3540253,27.8807979],[96.3540612,27.8808328],[96.3541079,27.8808556],[96.3541604,27.8808638],[96.3542131,27.8808566],[96.3542608,27.8808344],[96.3542978,27.8807997],[96.3543198,27.8807562],[96.3543246,27.8807087],[96.3543116,27.8806625],[96.3542822,27.8806225],[96.3542397,27.8805932],[96.3541886,27.8805778],[96.3541347,27.8805779],[96.3540843,27.8805934],[96.3540423,27.8806224],[96.3540131,27.8806619],[96.3539999,27.8807076]]]]}},
{"type":"Feature","properties":{"osm_id":"1094945493","code":5655,"fclass":"helipad","name":null},"geometry":{"type":"MultiPolygon","coordinates":[[[[96.3536083,27.8802998],[96.3536125,27.8803468],[96.3536337,27.8803901],[96.3536696,27.880425],[96.3537163,27.8804478],[96.3537688,27.880456],[96.3538215,27.8804488],[96.3538692,27.8804266],[96.3539062,27.8803919],[96.3539282,27.8803484],[96.353933,27.8803009],[96.35392,27.8802547],[96.3538906,27.8802147],[96.3538481,27.8801854],[96.353797,27.88017],[96.3537431,27.8801701],[96.3536927,27.8801856],[96.3536507,27.8802146],[96.3536215,27.8802541],[96.3536083,27.8802998]]]]}},
{"type":"Feature","properties":{"osm_id":"1094945494","code":5655,"fclass":"helipad","name":null},"geometry":{"type":"MultiPolygon","coordinates":[[[[96.3533937,27.8808024],[96.3533979,27.8808494],[96.3534191,27.8808927],[96.353455,27.8809276],[96.3535017,27.8809504],[96.3535542,27.8809587],[96.3536069,27.8809515],[96.3536547,27.8809293],[96.3536916,27.8808945],[96.3537136,27.880851],[96.3537184,27.8808036],[96.3537054,27.8807573],[96.353676,27.8807173],[96.3536335,27.880688],[96.3535825,27.8806726],[96.3535285,27.8806728],[96.3534781,27.8806882],[96.3534361,27.8807172],[96.3534069,27.8807567],[96.3533937,27.8808024]]]]}},
{"type":"Feature","properties":{"osm_id":"1094953656","code":5655,"fclass":"helipad","name":null},"geometry":{"type":"MultiPolygon","coordinates":[[[[95.8540267,27.6765639],[95.8540714,27.6766845],[95.8543616,27.6766002],[95.854317,27.6764796],[95.8540267,27.6765639]]]]}},
{"type":"Feature","properties":{"osm_id":"1094953657","code":5655,"fclass":"helipad","name":null},"geometry":{"type":"MultiPolygon","coordinates":[[[[95.8537032,27.6764997],[95.853751,27.6766361],[95.8540267,27.6765639],[95.8539757,27.6764245],[95.8537032,27.6764997]]]]}},
{"type":"Feature","properties":{"osm_id":"1094953658","code":5655,"fclass":"helipad","name":null},"geometry":{"type":"MultiPolygon","coordinates":[[[[95.8533933,27.676708],[95.8534621,27.6768893],[95.8537474,27.6768045],[95.8536787,27.6766231],[95.8533933,27.676708]]]]}},
{"type":"Feature","properties":{"osm_id":"1095020603","code":5655,"fclass":"helipad","name":null},"geometry":{"type":"MultiPolygon","coordinates":[[[[96.2135523,27.4928329],[96.2142523,27.4930732],[96.2143462,27.4928471],[96.2136542,27.4926116],[96.2135523,27.4928329]]]]}},
{"type":"Feature","properties":{"osm_id":"1095021288","code":5655,"fclass":"helipad","name":null},"geometry":{"type":"MultiPolygon","coordinates":[[[[95.9996874,27.803784],[95.9999365,27.8039235],[96.000098,27.8036979],[95.9998489,27.8035584],[95.9996874,27.803784]]]]}},
{"type":"Feature","properties":{"osm_id":"1095023297","code":5655,"fclass":"helipad","name":null},"geometry":{"type":"MultiPolygon","coordinates":[[[[95.8396382,28.1463613],[95.8396404,28.146403],[95.8396573,28.1464421],[95.8396871,28.1464746],[95.839727,28.1464972],[95.839773,28.1465077],[95.8398242,28.1465041],[95.8398711,28.1464855],[95.8399081,28.146454],[95.8399309,28.1464134],[95.8399367,28.1463683],[95.8399248,28.1463242],[95.8398968,28.1462861],[95.8398558,28.1462587],[95.8398067,28.1462452],[95.8397593,28.1462463],[95.8397147,28.1462605],[95.8396773,28.1462862],[95.8396509,28.146321],[95.8396382,28.1463613]]]]}},
{"type":"Feature","properties":{"osm_id":"1095023298","code":5655,"fclass":"helipad","name":null},"geometry":{"type":"MultiPolygon","coordinates":[[[[95.839052,28.1465341],[95.8390527,28.1465767],[95.8390683,28.146617],[95.8390973,28.1466511],[95.8391368,28.1466755],[95.839183,28.146688],[95.8392313,28.1466873],[95.839277,28.1466734],[95.8393155,28.1466477],[95.8393431,28.1466128],[95.8393578,28.1465675],[95.839354,28.1465205],[95.8393323,28.1464775],[95.8392952,28.1464436],[95.8392472,28.1464229],[95.8391941,28.1464179],[95.8391422,28.1464292],[95.8390978,28.1464554],[95.8390663,28.1464934],[95.839052,28.1465341]]]]}},
{"type":"Feature","properties":{"osm_id":"1095024080","code":5655,"fclass":"helipad","name":null},"geometry":{"type":"MultiPolygon","coordinates":[[[[94.5991524,26.951252],[94.5991569,26.9512983],[94.5991782,26.9513406],[94.599214,26.9513744],[94.5992602,26.9513957],[94.5992808,26.9513984],[94.5993103,26.9514023],[94.5993601,26.9513942],[94.5994044,26.9513724],[94.5994385,26.951339],[94.5994588,26.9512977],[94.5994631,26.9512527],[94.5994511,26.9512089],[94.599424,26.9511708],[94.5993846,26.9511425],[94.5993371,26.9511269],[94.599285,26.9511259],[94.5992355,26.9511403],[94.599194,26.9511684],[94.5991653,26.9512071],[94.5991524,26.951252]]]]}},
{"type":"Feature","properties":{"osm_id":"1095024081","code":5655,"fclass":"helipad","name":null},"geometry":{"type":"MultiPolygon","coordinates":[[[[94.5990424,26.9519167],[94.5990469,26.951963],[94.5990682,26.9520053],[94.599104,26.952039],[94.5991503,26.9520604],[94.5992003,26.952067],[94.5992501,26.9520589],[94.5992944,26.952037],[94.5993285,26.9520037],[94.5993488,26.9519624],[94.5993532,26.9519174],[94.5993412,26.9518736],[94.599314,26.9518355],[94.5992746,26.9518072],[94.5992271,26.9517916],[94.599175,26.9517906],[94.5991458,26.9517991],[94.5991255,26.9518049],[94.5990841,26.951833],[94.5990553,26.9518717],[94.5990424,26.9519167]]]]}},
{"type":"Feature","properties":{"osm_id":"1095024082","code":5655,"fclass":"helipad","name":null},"geometry":{"type":"MultiPolygon","coordinates":[[[[94.5985516,26.9512401],[94.5985561,26.9512863],[94.5985774,26.9513287],[94.5986132,26.9513624],[94.5986594,26.9513837],[94.5987095,26.9513903],[94.5987593,26.9513823],[94.5988036,26.9513604],[94.5988224,26.951342],[94.5988377,26.9513271],[94.598858,26.9512857],[94.5988623,26.9512408],[94.5988503,26.951197],[94.5988232,26.9511589],[94.5987838,26.9511305],[94.5987363,26.951115],[94.5986842,26.951114],[94.5986347,26.9511283],[94.5985932,26.9511564],[94.5985644,26.9511951],[94.5985516,26.9512401]]]]}},
{"type":"Feature","properties":{"osm_id":"1118638316","code":5651,"fclass":"airport","name":null},"geometry":{"type":"MultiPolygon","coordinates":[[[[95.5639136,27.545469],[95.5643007,27.545983],[95.5697869,27.5529231],[95.5722408,27.5560272],[95.5759458,27.5607096],[95.5777776,27.559976],[95.576182,27.5577297],[95.5761371,27.5575305],[95.5761596,27.5572864],[95.5762775,27.557132],[95.5764517,27.5570125],[95.5764517,27.5567286],[95.5763056,27.5560661],[95.5763169,27.5559117],[95.5764292,27.5557473],[95.5764629,27.5554784],[95.5761202,27.5538596],[95.5760528,27.5534711],[95.5757831,27.5528335],[95.575514,27.552832],[95.575103,27.5529148],[95.5749116,27.5527574],[95.5700369,27.542633],[95.5696065,27.5424335],[95.5670633,27.5421733],[95.5667209,27.5423641],[95.5658993,27.5433528],[95.5655471,27.5444977],[95.5639136,27.545469]]]]}},
{"type":"Feature","properties":{"osm_id":"1118638316","code":5652,"fclass":"airfield","name":null},"geometry":{"type":"MultiPolygon","coordinates":[[[[95.5639136,27.545469],[95.5643007,27.545983],[95.5697869,27.5529231],[95.5722408,27.5560272],[95.5759458,27.5607096],[95.5777776,27.559976],[95.576182,27.5577297],[95.5761371,27.5575305],[95.5761596,27.5572864],[95.5762775,27.557132],[95.5764517,27.5570125],[95.5764517,27.5567286],[95.5763056,27.5560661],[95.5763169,27.5559117],[95.5764292,27.5557473],[95.5764629,27.5554784],[95.5761202,27.5538596],[95.5760528,27.5534711],[95.5757831,27.5528335],[95.575514,27.552832],[95.575103,27.5529148],[95.5749116,27.5527574],[95.5700369,27.542633],[95.5696065,27.5424335],[95.5670633,27.5421733],[95.5667209,27.5423641],[95.5658993,27.5433528],[95.5655471,27.5444977],[95.5639136,27.545469]]]]}},
{"type":"Feature","properties":{"osm_id":"1172398664","code":5655,"fclass":"helipad","name":null},"geometry":{"type":"MultiPolygon","coordinates":[[[[92.1105159,27.463785],[92.1106637,27.4638416],[92.110765,27.4636336],[92.1106172,27.4635769],[92.1105159,27.463785]]]]}},
{"type":"Feature","properties":{"osm_id":"1192796924","code":5655,"fclass":"helipad","name":null},"geometry":{"type":"MultiPolygon","coordinates":[[[[94.3769633,26.4103232],[94.3772745,26.4105613],[94.3774714,26.4103549],[94.3771603,26.4101167],[94.3769633,26.4103232]]]]}},
{"type":"Feature","properties":{"osm_id":"1198447403","code":5655,"fclass":"helipad","name":null},"geometry":{"type":"MultiPolygon","coordinates":[[[[95.2386136,27.546093],[95.2386217,27.5461164],[95.2386378,27.5461364],[95.2386604,27.5461506],[95.2386874,27.5461578],[95.2387155,27.5461567],[95.2387417,27.5461475],[95.2387631,27.5461312],[95.2387773,27.5461096],[95.2387828,27.5460851],[95.2387789,27.5460603],[95.238766,27.5460381],[95.2387457,27.5460208],[95.2387278,27.5460134],[95.2387201,27.5460103],[95.2386921,27.5460078],[95.2386651,27.5460134],[95.2386416,27.5460264],[95.2386241,27.5460454],[95.2386144,27.5460684],[95.2386136,27.546093]]]]}},
{"type":"Feature","properties":{"osm_id":"1198447404","code":5655,"fclass":"helipad","name":null},"geometry":{"type":"MultiPolygon","coordinates":[[[[95.2388539,27.5461776],[95.2388619,27.5462011],[95.2388781,27.546221],[95.2389006,27.5462352],[95.2389277,27.5462424],[95.2389558,27.5462413],[95.238982,27.5462321],[95.2390034,27.5462158],[95.2390176,27.5461942],[95.239023,27.5461697],[95.2390191,27.5461449],[95.2390063,27.5461227],[95.238986,27.5461054],[95.2389705,27.546099],[95.2389604,27.5460949],[95.2389324,27.5460924],[95.2389054,27.546098],[95.2388819,27.546111],[95.2388644,27.5461301],[95.2388547,27.546153],[95.2388539,27.5461776]]]]}},
{"type":"Feature","properties":{"osm_id":"1198447405","code":5655,"fclass":"helipad","name":null},"geometry":{"type":"MultiPolygon","coordinates":[[[[95.2390944,27.546271],[95.2391025,27.5462945],[95.2391187,27.5463144],[95.2391412,27.5463287],[95.2391682,27.5463358],[95.2391964,27.5463347],[95.2392226,27.5463255],[95.239244,27.5463092],[95.2392582,27.5462876],[95.2392636,27.5462631],[95.2392597,27.5462384],[95.2392469,27.5462161],[95.2392266,27.5461988],[95.2392077,27.5461911],[95.239201,27.5461883],[95.2391729,27.5461858],[95.239146,27.5461915],[95.2391225,27.5462045],[95.239105,27.5462235],[95.2390953,27.5462465],[95.2390944,27.546271]]]]}},
{"type":"Feature","properties":{"osm_id":"1198447406","code":5655,"fclass":"helipad","name":null},"geometry":{"type":"MultiPolygon","coordinates":[[[[95.239335,27.5463556],[95.2393431,27.5463791],[95.2393592,27.546399],[95.2393818,27.5464133],[95.2394088,27.5464204],[95.239437,27.5464193],[95.2394632,27.5464101],[95.2394845,27.5463938],[95.2394987,27.5463723],[95.2395042,27.5463477],[95.2395003,27.546323],[95.2394875,27.5463007],[95.2394671,27.5462834],[95.2394475,27.5462754],[95.2394415,27.5462729],[95.2394135,27.5462705],[95.2393865,27.5462761],[95.2393631,27.5462891],[95.2393455,27.5463081],[95.2393358,27.5463311],[95.239335,27.5463556]]]]}},
{"type":"Feature","properties":{"osm_id":"1198447407","code":5655,"fclass":"helipad","name":null},"geometry":{"type":"MultiPolygon","coordinates":[[[[95.2395756,27.546449],[95.2395836,27.5464725],[95.2395998,27.5464924],[95.2396223,27.5465067],[95.2396494,27.5465138],[95.2396775,27.5465128],[95.2397037,27.5465036],[95.2397251,27.5464873],[95.2397393,27.5464657],[95.2397447,27.5464412],[95.2397408,27.5464164],[95.239728,27.5463941],[95.2397077,27.5463768],[95.2396922,27.5463705],[95.2396821,27.5463664],[95.2396541,27.5463639],[95.2396271,27.5463695],[95.2396036,27.5463825],[95.2395861,27.5464015],[95.2395764,27.5464245],[95.2395756,27.546449]]]]}},
{"type":"Feature","properties":{"osm_id":"1198447408","code":5655,"fclass":"helipad","name":null},"geometry":{"type":"MultiPolygon","coordinates":[[[[95.2398121,27.5465407],[95.2398202,27.5465642],[95.2398364,27.5465841],[95.2398589,27.5465984],[95.2398859,27.5466055],[95.2399141,27.5466044],[95.2399403,27.5465952],[95.2399617,27.5465789],[95.2399759,27.5465573],[95.2399813,27.5465328],[95.2399774,27.5465081],[95.2399646,27.5464858],[95.2399443,27.5464685],[95.2399326,27.5464637],[95.2399187,27.546458],[95.2398906,27.5464556],[95.2398637,27.5464612],[95.2398402,27.5464742],[95.2398227,27.5464932],[95.239813,27.5465162],[95.2398121,27.5465407]]]]}},
{"type":"Feature","properties":{"osm_id":"1198895057","code":5655,"fclass":"helipad","name":null},"geometry":{"type":"MultiPolygon","coordinates":[[[[95.2363879,27.5450877],[95.2363987,27.5451204],[95.2364216,27.5451478],[95.2364536,27.5451667],[95.2364871,27.5451744],[95.2365217,27.5451725],[95.2365539,27.5451613],[95.2365807,27.5451418],[95.2365993,27.5451159],[95.236608,27.5450862],[95.2366059,27.5450556],[95.2365932,27.545027],[95.2365712,27.5450033],[95.236542,27.5449868],[95.2365047,27.5449788],[95.2364665,27.5449826],[95.2364321,27.5449978],[95.2364056,27.5450225],[95.2363902,27.5450537],[95.2363879,27.5450877]]]]}},
{"type":"Feature","properties":{"osm_id":"1198895058","code":5655,"fclass":"helipad","name":null},"geometry":{"type":"MultiPolygon","coordinates":[[[[95.2367711,27.5452228],[95.236782,27.5452555],[95.2368048,27.5452829],[95.2368369,27.5453018],[95.2368704,27.5453095],[95.2369049,27.5453076],[95.2369372,27.5452964],[95.2369639,27.5452769],[95.2369825,27.545251],[95.2369912,27.5452213],[95.2369892,27.5451907],[95.2369765,27.5451621],[95.2369545,27.5451384],[95.2369253,27.5451218],[95.2368879,27.5451139],[95.2368497,27.5451177],[95.2368153,27.5451329],[95.2367888,27.5451576],[95.2367735,27.5451888],[95.2367711,27.5452228]]]]}},
{"type":"Feature","properties":{"osm_id":"1198895059","code":5655,"fclass":"helipad","name":null},"geometry":{"type":"MultiPolygon","coordinates":[[[[95.2371302,27.5453612],[95.237141,27.5453939],[95.2371639,27.5454213],[95.2371959,27.5454401],[95.2372294,27.5454478],[95.237264,27.545446],[95.2372962,27.5454348],[95.237323,27.5454153],[95.2373416,27.5453894],[95.2373503,27.5453597],[95.2373482,27.545329],[95.2373356,27.5453004],[95.2373135,27.5452767],[95.2372844,27.5452602],[95.237247,27.5452522],[95.2372088,27.5452561],[95.2371744,27.5452712],[95.2371479,27.5452959],[95.2371325,27.5453272],[95.2371302,27.5453612]]]]}},
{"type":"Feature","properties":{"osm_id":"1198895060","code":5655,"fclass":"helipad","name":null},"geometry":{"type":"MultiPolygon","coordinates":[[[[95.2375083,27.5455131],[95.2375191,27.5455457],[95.237542,27.5455732],[95.237574,27.545592],[95.2376075,27.5455997],[95.2376421,27.5455979],[95.2376743,27.5455866],[95.2377011,27.5455671],[95.2377197,27.5455413],[95.2377284,27.5455115],[95.2377263,27.5454809],[95.2377136,27.5454523],[95.2376916,27.5454286],[95.2376625,27.5454121],[95.2376251,27.5454041],[95.2375869,27.5454079],[95.2375525,27.5454231],[95.237526,27.5454478],[95.2375106,27.545479],[95.2375083,27.5455131]]]]}},
{"type":"Feature","properties":{"osm_id":"1198907606","code":5655,"fclass":"helipad","name":null},"geometry":{"type":"MultiPolygon","coordinates":[[[[95.1234282,26.0695615],[95.123667,26.0696397],[95.1237531,26.0694276],[95.1235143,26.0693494],[95.1234282,26.0695615]]]]}},
{"type":"Feature","properties":{"osm_id":"1203024686","code":5655,"fclass":"helipad","name":null},"geometry":{"type":"MultiPolygon","coordinates":[[[[92.0546002,23.639473],[92.0546007,23.6394941],[92.0546127,23.6395121],[92.0546329,23.6395223],[92.0546559,23.6395219],[92.0546756,23.6395109],[92.0546867,23.6394924],[92.0546862,23.6394713],[92.0546743,23.6394533],[92.0546541,23.6394431],[92.054631,23.6394435],[92.0546113,23.6394545],[92.0546002,23.639473]]]]}},
{"type":"Feature","properties":{"osm_id":"1203024695","code":5655,"fclass":"helipad","name":null},"geometry":{"type":"MultiPolygon","coordinates":[[[[91.9469904,23.6727465],[91.9470161,23.6727819],[91.9470462,23.6728055],[91.9470934,23.6728133],[91.9471363,23.6728055],[91.9471792,23.6727858],[91.9471899,23.6727445],[91.9471899,23.6726993],[91.9471728,23.6726561],[91.947117,23.6726168],[91.9470569,23.6726188],[91.9470183,23.6726463],[91.9469925,23.6726934],[91.9469904,23.6727465]]]]}},
{"type":"Feature","properties":{"osm_id":"1203024700","code":5655,"fclass":"helipad","name":null},"geometry":{"type":"MultiPolygon","coordinates":[[[[92.0090181,23.6574651],[92.0090224,23.6574985],[92.0090417,23.6575339],[92.0090631,23.6575516],[92.0090953,23.6575575],[92.0091511,23.6575536],[92.0091726,23.6575221],[92.0091769,23.6574749],[92.0091769,23.6574474],[92.0091554,23.6574238],[92.009106,23.6574081],[92.0090696,23.657416],[92.0090331,23.6574337],[92.0090181,23.6574651]]]]}},
{"type":"Feature","properties":{"osm_id":"1203024707","code":5655,"fclass":"helipad","name":null},"geometry":{"type":"MultiPolygon","coordinates":[[[[92.0881452,23.6554208],[92.0881584,23.6554495],[92.0882013,23.6554835],[92.0882616,23.6554926],[92.0883046,23.6554672],[92.0883273,23.6554215],[92.0883363,23.6553802],[92.0883224,23.6553355],[92.0882832,23.6553107],[92.0882398,23.655308],[92.0882001,23.6553096],[92.0881615,23.6553361],[92.0881474,23.6553737],[92.0881452,23.6554208]]]]}},
{"type":"Feature","properties":{"osm_id":"1203024717","code":5655,"fclass":"helipad","name":null},"geometry":{"type":"MultiPolygon","coordinates":[[[[92.1962761,23.657049],[92.1962914,23.6570722],[92.1963195,23.657093],[92.1963676,23.6570965],[92.1964066,23.6570674],[92.1964225,23.6570262],[92.1964139,23.6569869],[92.1964044,23.6569622],[92.1963796,23.6569515],[92.1963238,23.6569554],[92.1962952,23.656968],[92.19628,23.6569912],[92.1962761,23.657049]]]]}},
{"type":"Feature","properties":{"osm_id":"1203024729","code":5655,"fclass":"helipad","name":null},"geometry":{"type":"MultiPolygon","coordinates":[[[[91.986568,23.4995455],[91.9865759,23.4995806],[91.986598,23.4996103],[91.9866307,23.4996299],[91.9866691,23.4996366],[91.9867074,23.4996293],[91.9867397,23.4996092],[91.9867612,23.4995792],[91.9867685,23.4995439],[91.9867605,23.4995088],[91.9867385,23.4994792],[91.9867058,23.4994595],[91.9866674,23.4994528],[91.9866291,23.4994601],[91.9865968,23.4994803],[91.9865753,23.4995102],[91.986568,23.4995455]]]]}},
{"type":"Feature","properties":{"osm_id":"1203024742","code":5655,"fclass":"helipad","name":null},"geometry":{"type":"MultiPolygon","coordinates":[[[[91.9677353,23.5766608],[91.9677375,23.5767054],[91.967762,23.576744],[91.9678034,23.5767678],[91.967852,23.5767712],[91.9678968,23.5767535],[91.9679274,23.5767188],[91.967937,23.5766749],[91.9679233,23.576632],[91.9678893,23.5765999],[91.967843,23.576586],[91.9677949,23.5765933],[91.9677561,23.5766203],[91.9677353,23.5766608]]]]}},
{"type":"Feature","properties":{"osm_id":"1203025491","code":5655,"fclass":"helipad","name":null},"geometry":{"type":"MultiPolygon","coordinates":[[[[91.9617658,23.701648],[91.9617833,23.701664],[91.9618063,23.701669],[91.9618211,23.7016578],[91.9618292,23.7016331],[91.9618157,23.7016072],[91.9617901,23.7016035],[91.9617766,23.7016096],[91.9617671,23.7016269],[91.9617658,23.701648]]]]}},
{"type":"Feature","properties":{"osm_id":"1203025492","code":5655,"fclass":"helipad","name":null},"geometry":{"type":"MultiPolygon","coordinates":[[[[91.958812,23.7242749],[91.9588261,23.7243092],[91.9588417,23.7243349],[91.9588651,23.7243464],[91.9589041,23.7243449],[91.9589572,23.7243278],[91.9589845,23.7243014],[91.9589963,23.7242721],[91.9589931,23.724232],[91.9589744,23.7242006],[91.9589322,23.7241863],[91.9588714,23.7241906],[91.9588245,23.7242292],[91.958812,23.7242749]]]]}},
{"type":"Feature","properties":{"osm_id":"1207764961","code":5655,"fclass":"helipad","name":null},"geometry":{"type":"MultiPolygon","coordinates":[[[[91.8951422,23.4269727],[91.8951491,23.4270019],[91.895156,23.4270223],[91.8951699,23.4270464],[91.8951948,23.4270655],[91.8952322,23.4270757],[91.8952572,23.4270807],[91.8952932,23.4270795],[91.8953237,23.4270718],[91.8953556,23.4270477],[91.8953791,23.4270286],[91.8953847,23.4269879],[91.8953833,23.426946],[91.8953667,23.4269104],[91.8953473,23.4268926],[91.8953154,23.4268735],[91.895278,23.4268646],[91.895235,23.4268659],[91.8951934,23.4268773],[91.8951685,23.4268964],[91.8951519,23.4269193],[91.8951463,23.426951],[91.8951422,23.4269727]]]]}},
{"type":"Feature","properties":{"osm_id":"1207807126","code":5655,"fclass":"helipad","name":null},"geometry":{"type":"MultiPolygon","coordinates":[[[[91.8619331,23.3931751],[91.8619412,23.3931961],[91.8619641,23.3932159],[91.8619897,23.3932295],[91.8620113,23.3932332],[91.8620477,23.393232],[91.862076,23.3932233],[91.8620976,23.3932035],[91.8621083,23.3931738],[91.8621097,23.3931441],[91.8620962,23.3931206],[91.86208,23.3930984],[91.8620423,23.3930848],[91.8620154,23.3930835],[91.8619776,23.3930959],[91.8619507,23.3931157],[91.8619345,23.3931466],[91.8619331,23.3931751]]]]}},
{"type":"Feature","properties":{"osm_id":"1207940910","code":5655,"fclass":"helipad","name":null},"geometry":{"type":"MultiPolygon","coordinates":[[[[92.2629495,23.7143611],[92.2629564,23.714383],[92.2629664,23.7144003],[92.2629803,23.7144131],[92.2629982,23.7144231],[92.2630191,23.7144285],[92.263039,23.7144295],[92.2630709,23.714414],[92.2630978,23.714383],[92.2631047,23.7143511],[92.2631028,23.7143256],[92.2630928,23.7143055],[92.2630769,23.7142891],[92.263046,23.71428],[92.2630162,23.7142791],[92.2629953,23.7142836],[92.2629684,23.7143073],[92.2629544,23.7143329],[92.2629495,23.7143611]]]]}},
{"type":"Feature","properties":{"osm_id":"1207940917","code":5655,"fclass":"helipad","name":null},"geometry":{"type":"MultiPolygon","coordinates":[[[[92.2610469,23.6764364],[92.2610514,23.6764743],[92.2610632,23.6765095],[92.2610957,23.676546],[92.2611356,23.6765771],[92.2611813,23.6765866],[92.2612212,23.6765879],[92.2612596,23.6765717],[92.2612803,23.676546],[92.2612966,23.6765203],[92.2613128,23.6764838],[92.2613143,23.6764364],[92.2613069,23.6763918],[92.2612847,23.6763593],[92.2612626,23.6763377],[92.261236,23.6763201],[92.2611991,23.6763065],[92.2611666,23.6763052],[92.2611164,23.6763201],[92.2610794,23.6763458],[92.2610499,23.6763877],[92.2610469,23.6764364]]]]}},
{"type":"Feature","properties":{"osm_id":"1207940927","code":5655,"fclass":"helipad","name":null},"geometry":{"type":"MultiPolygon","coordinates":[[[[92.2404283,23.651375],[92.2404394,23.6514014],[92.2404608,23.6514226],[92.2404933,23.6514396],[92.2405249,23.6514456],[92.240549,23.6514418],[92.2405769,23.651426],[92.2405917,23.651409],[92.2406029,23.6513835],[92.2405964,23.6513316],[92.2405871,23.6513091],[92.2405685,23.6512933],[92.2405165,23.6512797],[92.2404849,23.6512772],[92.2404543,23.6512967],[92.2404366,23.6513316],[92.2404283,23.651375]]]]}},
{"type":"Feature","properties":{"osm_id":"1207940935","code":5655,"fclass":"helipad","name":null},"geometry":{"type":"MultiPolygon","coordinates":[[[[92.1718309,23.6901211],[92.1718309,23.690151],[92.1718472,23.6901818],[92.1718681,23.6901976],[92.1718863,23.6902067],[92.1719063,23.6902092],[92.171928,23.6902092],[92.1719498,23.6902059],[92.1719743,23.6901909],[92.171988,23.6901743],[92.171997,23.6901535],[92.1719961,23.6901302],[92.1719871,23.6901061],[92.1719675,23.6900841],[92.1719426,23.690067],[92.1719203,23.6900596],[92.1718963,23.6900604],[92.1718677,23.6900691],[92.1718445,23.6900862],[92.1718309,23.6901211]]]]}},
{"type":"Feature","properties":{"osm_id":"1207940950","code":5655,"fclass":"helipad","name":null},"geometry":{"type":"MultiPolygon","coordinates":[[[[92.1426324,23.7335544],[92.1426324,23.7335931],[92.1426423,23.7336387],[92.142656,23.7336739],[92.1426684,23.7336978],[92.1427008,23.7337217],[92.1427343,23.7337229],[92.1427704,23.7337206],[92.1428002,23.7337138],[92.1428226,23.7337024],[92.1428462,23.7336728],[92.1428673,23.733633],[92.1428785,23.7335749],[92.1428711,23.7335419],[92.1428549,23.7335101],[92.1428189,23.7334748],[92.1427741,23.7334497],[92.1427219,23.7334429],[92.1426871,23.7334554],[92.1426585,23.7334884],[92.142646,23.7335169],[92.1426324,23.7335544]]]]}},
{"type":"Feature","properties":{"osm_id":"1207940952","code":5655,"fclass":"helipad","name":null},"geometry":{"type":"MultiPolygon","coordinates":[[[[92.1410173,23.6816834],[92.1410218,23.681713],[92.1410409,23.68174],[92.1410792,23.6817616],[92.1411146,23.6817711],[92.141144,23.6817724],[92.1411853,23.6817738],[92.1412236,23.6817643],[92.1412368,23.6817468],[92.1412545,23.6817198],[92.1412589,23.6816928],[92.1412575,23.6816483],[92.1412427,23.6816254],[92.1412162,23.6815984],[92.1411779,23.6815795],[92.1411381,23.6815727],[92.1410881,23.6815822],[92.1410512,23.6816146],[92.1410335,23.6816429],[92.1410173,23.6816834]]]]}},
{"type":"Feature","properties":{"osm_id":"1207945123","code":5655,"fclass":"helipad","name":null},"geometry":{"type":"MultiPolygon","coordinates":[[[[92.2937247,23.5362348],[92.2937301,23.5362631],[92.2937475,23.536284],[92.2937703,23.5362999],[92.2937917,23.5363024],[92.2938118,23.5363024],[92.2938373,23.5362999],[92.2938627,23.536295],[92.2938761,23.5362864],[92.2938895,23.5362668],[92.2938935,23.5362459],[92.2938935,23.5362287],[92.2938842,23.5361967],[92.2938641,23.5361795],[92.2938279,23.5361685],[92.2937957,23.5361685],[92.2937596,23.5361771],[92.2937395,23.5361967],[92.2937247,23.5362348]]]]}},
{"type":"Feature","properties":{"osm_id":"1208064062","code":5655,"fclass":"helipad","name":null},"geometry":{"type":"MultiPolygon","coordinates":[[[[92.3119287,23.4499187],[92.3119315,23.4499374],[92.3119386,23.4499602],[92.3119491,23.4499748],[92.3119662,23.449987],[92.3119861,23.449991],[92.3120004,23.449992],[92.3120136,23.449992],[92.3120252,23.449991],[92.3120401,23.449988],[92.3120539,23.4499829],[92.3120682,23.4499748],[92.3120809,23.4499668],[92.3120919,23.4499526],[92.3120974,23.4499384],[92.3121007,23.4499197],[92.3120996,23.4499056],[92.3120947,23.449897],[92.3120853,23.4498863],[92.3120704,23.4498762],[92.3120461,23.4498661],[92.3120335,23.4498621],[92.3120103,23.4498595],[92.3119894,23.4498621],[92.3119651,23.4498676],[92.3119464,23.4498828],[92.3119353,23.4498939],[92.3119287,23.4499187]]]]}},
{"type":"Feature","properties":{"osm_id":"1214478998","code":5655,"fclass":"helipad","name":null},"geometry":{"type":"MultiPolygon","coordinates":[[[[88.5495649,27.8443038],[88.5495957,27.8445696],[88.5498657,27.8445452],[88.5498349,27.8442794],[88.5495649,27.8443038]]]]}},
{"type":"Feature","properties":{"osm_id":"1214968880","code":5655,"fclass":"helipad","name":null},"geometry":{"type":"MultiPolygon","coordinates":[[[[88.6517183,27.5903314],[88.6519796,27.590375],[88.6520229,27.590171],[88.6517616,27.5901274],[88.6517183,27.5903314]]]]}},
{"type":"Feature","properties":{"osm_id":"1221950879","code":5655,"fclass":"helipad","name":null},"geometry":{"type":"MultiPolygon","coordinates":[[[[92.0073844,24.3083529],[92.007392,24.3083876],[92.0074092,24.3084193],[92.0074349,24.3084459],[92.0074672,24.3084656],[92.0075039,24.3084769],[92.0075427,24.3084792],[92.0075808,24.3084723],[92.0076156,24.3084566],[92.0076447,24.3084333],[92.0076663,24.3084038],[92.0076788,24.3083703],[92.0076813,24.308335],[92.0076737,24.3083003],[92.0076565,24.3082686],[92.0076309,24.308242],[92.0075986,24.3082223],[92.0075618,24.308211],[92.0075231,24.3082087],[92.007485,24.3082156],[92.0074502,24.3082313],[92.007421,24.3082546],[92.0073994,24.3082841],[92.007387,24.3083176],[92.0073844,24.3083529]]]]}},
{"type":"Feature","properties":{"osm_id":"1222119017","code":5655,"fclass":"helipad","name":null},"geometry":{"type":"MultiPolygon","coordinates":[[[[94.0921964,23.9339181],[94.0922447,23.9340602],[94.0924074,23.9340227],[94.0923645,23.933887],[94.0921964,23.9339181]]]]}},
{"type":"Feature","properties":{"osm_id":"1223195495","code":5655,"fclass":"helipad","name":null},"geometry":{"type":"MultiPolygon","coordinates":[[[[94.7035416,27.6515005],[94.704498,27.6517225],[94.7047411,27.650901],[94.7037846,27.650679],[94.7035416,27.6515005]]]]}},
{"type":"Feature","properties":{"osm_id":"1223195591","code":5655,"fclass":"helipad","name":null},"geometry":{"type":"MultiPolygon","coordinates":[[[[94.6327279,27.8410873],[94.632887,27.8412688],[94.6330214,27.8411767],[94.6328623,27.8409952],[94.6327279,27.8410873]]]]}},
{"type":"Feature","properties":{"osm_id":"1223195669","code":5655,"fclass":"helipad","name":null},"geometry":{"type":"MultiPolygon","coordinates":[[[[94.2246063,27.9863007],[94.2256147,27.9865591],[94.2257322,27.9862014],[94.2247238,27.985943],[94.2246063,27.9863007]]]]}},
{"type":"Feature","properties":{"osm_id":"1224934163","code":5655,"fclass":"helipad","name":null},"geometry":{"type":"MultiPolygon","coordinates":[[[[88.8223412,27.6760342],[88.8223681,27.6763144],[88.8226202,27.6762955],[88.8225934,27.6760152],[88.8223412,27.6760342]]]]}},
{"type":"Feature","properties":{"osm_id":"1230801502","code":5655,"fclass":"helipad","name":null},"geometry":{"type":"MultiPolygon","coordinates":[[[[88.821703,27.3754605],[88.821704,27.375479],[88.8217153,27.3754946],[88.8217339,27.3755031],[88.8217547,27.3755023],[88.8217723,27.3754923],[88.8217819,27.3754758],[88.8217809,27.3754572],[88.8217696,27.3754416],[88.8217511,27.3754331],[88.8217302,27.375434],[88.8217126,27.375444],[88.821703,27.3754605]]]]}},
{"type":"Feature","properties":{"osm_id":"1230801503","code":5655,"fclass":"helipad","name":null},"geometry":{"type":"MultiPolygon","coordinates":[[[[88.82205,27.3751291],[88.822051,27.3751477],[88.8220623,27.3751633],[88.8220809,27.3751718],[88.8221017,27.3751709],[88.8221193,27.3751609],[88.8221289,27.3751444],[88.8221279,27.3751259],[88.8221166,27.3751103],[88.8220981,27.3751018],[88.8220772,27.3751026],[88.8220596,27.3751126],[88.82205,27.3751291]]]]}},
{"type":"Feature","properties":{"osm_id":"1231348757","code":5655,"fclass":"helipad","name":null},"geometry":{"type":"MultiPolygon","coordinates":[[[[92.4533485,22.8448137],[92.4533541,22.8448426],[92.4533699,22.844868],[92.453394,22.8448872],[92.4534236,22.8448978],[92.4534535,22.844899],[92.4534823,22.8448914],[92.453507,22.8448759],[92.4535252,22.8448539],[92.4535349,22.8448279],[92.4535353,22.8448003],[92.4535262,22.844774],[92.4535086,22.8447517],[92.4534843,22.8447356],[92.4534539,22.8447271],[92.4534221,22.8447285],[92.4533927,22.8447396],[92.4533689,22.8447591],[92.4533536,22.8447848],[92.4533485,22.8448137]]]]}},
{"type":"Feature","properties":{"osm_id":"1231348776","code":5655,"fclass":"helipad","name":null},"geometry":{"type":"MultiPolygon","coordinates":[[[[92.4602758,22.8084137],[92.4602864,22.8084483],[92.4603082,22.8084782],[92.460339,22.8085003],[92.4603793,22.808513],[92.4604219,22.8085124],[92.4604617,22.8084985],[92.4604941,22.8084729],[92.4605151,22.8084388],[92.4605224,22.8084001],[92.4605149,22.8083614],[92.4604937,22.8083273],[92.4604611,22.8083019],[92.4604248,22.8082889],[92.4603858,22.8082869],[92.4603481,22.8082963],[92.4603154,22.808316],[92.4602911,22.8083441],[92.4602774,22.8083778],[92.4602758,22.8084137]]]]}},
{"type":"Feature","properties":{"osm_id":"1231348779","code":5655,"fclass":"helipad","name":null},"geometry":{"type":"MultiPolygon","coordinates":[[[[92.5092772,22.7097157],[92.5092794,22.7097448],[92.5092922,22.7097715],[92.5093139,22.7097927],[92.5093422,22.7098058],[92.5093709,22.7098095],[92.5093993,22.7098047],[92.5094248,22.7097921],[92.5094448,22.7097728],[92.5094573,22.7097487],[92.5094611,22.7097223],[92.5094559,22.709696],[92.5094421,22.7096726],[92.509421,22.7096542],[92.5093922,22.7096421],[92.5093607,22.7096397],[92.5093302,22.7096472],[92.5093042,22.7096639],[92.5092858,22.7096876],[92.5092772,22.7097157]]]]}},
{"type":"Feature","properties":{"osm_id":"1231365775","code":5655,"fclass":"helipad","name":null},"geometry":{"type":"MultiPolygon","coordinates":[[[[92.5979837,21.9713467],[92.5979916,21.9713865],[92.5980125,21.971422],[92.5980444,21.9714496],[92.598084,21.9714666],[92.5981273,21.9714713],[92.5981701,21.9714631],[92.5982079,21.971443],[92.5982371,21.9714128],[92.5982546,21.9713758],[92.5982584,21.9713322],[92.5982461,21.9712899],[92.5982192,21.971254],[92.5981808,21.9712286],[92.5981354,21.9712168],[92.5980883,21.9712198],[92.5980452,21.9712374],[92.5980109,21.9712675],[92.5979896,21.9713066],[92.5979837,21.9713467]]]]}},
{"type":"Feature","properties":{"osm_id":"1232695702","code":5655,"fclass":"helipad","name":null},"geometry":{"type":"MultiPolygon","coordinates":[[[[94.3016962,24.2450841],[94.301748,24.2454368],[94.3020311,24.2454022],[94.3019793,24.2450496],[94.3016962,24.2450841]]]]}},
{"type":"Feature","properties":{"osm_id":"1237501951","code":5655,"fclass":"helipad","name":null},"geometry":{"type":"MultiPolygon","coordinates":[[[[88.7143888,27.3393083],[88.7144674,27.3395896],[88.7157141,27.339141],[88.7156005,27.3388847],[88.7143888,27.3393083]]]]}},
{"type":"Feature","properties":{"osm_id":"1237501953","code":5655,"fclass":"helipad","name":"Gangtok Helipad"},"geometry":{"type":"MultiPolygon","coordinates":[[[[88.6141096,27.3556876],[88.6141874,27.3558103],[88.6142743,27.3557668],[88.6141965,27.3556441],[88.6141096,27.3556876]]]]}},
{"type":"Feature","properties":{"osm_id":"1238692066","code":5655,"fclass":"helipad","name":null},"geometry":{"type":"MultiPolygon","coordinates":[[[[93.6137444,28.3698963],[93.6139843,28.3699554],[93.6140768,28.3696628],[93.6139027,28.3696201],[93.6137444,28.3698963]]]]}},
{"type":"Feature","properties":{"osm_id":"1238692067","code":5655,"fclass":"helipad","name":null},"geometry":{"type":"MultiPolygon","coordinates":[[[[93.6135003,28.3697138],[93.6135042,28.3697448],[93.6135179,28.3697736],[93.6135402,28.3697978],[93.6135694,28.3698155],[93.6136031,28.3698253],[93.6136386,28.3698263],[93.6136729,28.3698185],[93.6137034,28.3698025],[93.6137275,28.3697796],[93.6137432,28.3697516],[93.6137494,28.3697209],[93.6137455,28.3696899],[93.6137318,28.3696611],[93.6137095,28.3696368],[93.6136803,28.3696191],[93.6136466,28.3696094],[93.6136111,28.3696083],[93.6135768,28.3696162],[93.6135464,28.3696322],[93.6135223,28.3696551],[93.6135065,28.369683],[93.6135003,28.3697138]]]]}},
{"type":"Feature","properties":{"osm_id":"1238692297","code":5655,"fclass":"helipad","name":null},"geometry":{"type":"MultiPolygon","coordinates":[[[[93.354899,27.9043124],[93.3550036,27.9045667],[93.3554207,27.9044328],[93.3553161,27.9041784],[93.354899,27.9043124]]]]}},
{"type":"Feature","properties":{"osm_id":"1238794731","code":5655,"fclass":"helipad","name":null},"geometry":{"type":"MultiPolygon","coordinates":[[[[91.7106452,27.7762815],[91.7107391,27.7763426],[91.7108242,27.7762402],[91.7107303,27.7761791],[91.7106452,27.7762815]]]]}},
{"type":"Feature","properties":{"osm_id":"1238794904","code":5655,"fclass":"helipad","name":null},"geometry":{"type":"MultiPolygon","coordinates":[[[[92.110574,27.4641336],[92.110579,27.4641505],[92.1105928,27.464163],[92.1106118,27.4641677],[92.1106309,27.4641633],[92.110645,27.464151],[92.1106503,27.4641342],[92.1106454,27.4641172],[92.1106315,27.4641047],[92.1106125,27.4641],[92.1105934,27.4641044],[92.1105793,27.4641167],[92.110574,27.4641336]]]]}},
{"type":"Feature","properties":{"osm_id":"1238794905","code":5655,"fclass":"helipad","name":null},"geometry":{"type":"MultiPolygon","coordinates":[[[[92.1102414,27.4640101],[92.1102464,27.4640271],[92.1102602,27.4640396],[92.1102792,27.4640442],[92.1102983,27.4640399],[92.1103124,27.4640276],[92.1103177,27.4640107],[92.1103128,27.4639938],[92.1102989,27.4639813],[92.1102799,27.4639766],[92.1102608,27.463981],[92.1102467,27.4639932],[92.1102414,27.4640101]]]]}},
{"type":"Feature","properties":{"osm_id":"1238795601","code":5655,"fclass":"helipad","name":null},"geometry":{"type":"MultiPolygon","coordinates":[[[[92.2141772,27.7046469],[92.2142429,27.7048802],[92.2144244,27.7048402],[92.2143587,27.7046069],[92.2141772,27.7046469]]]]}},
{"type":"Feature","properties":{"osm_id":"1238795718","code":5655,"fclass":"helipad","name":null},"geometry":{"type":"MultiPolygon","coordinates":[[[[92.4246204,27.2701923],[92.4246264,27.2702423],[92.4246566,27.2702656],[92.4246854,27.2702745],[92.424719,27.2702674],[92.4247498,27.2702519],[92.4247699,27.2701935],[92.4247793,27.2700886],[92.4246519,27.2700748],[92.4246204,27.2701923]]]]}},
{"type":"Feature","properties":{"osm_id":"1238795777","code":5655,"fclass":"helipad","name":null},"geometry":{"type":"MultiPolygon","coordinates":[[[[92.6329972,27.0153882],[92.633256,27.0155686],[92.6334672,27.0153281],[92.6332084,27.0151477],[92.6329972,27.0153882]]]]}},
{"type":"Feature","properties":{"osm_id":"1238795845","code":5655,"fclass":"helipad","name":null},"geometry":{"type":"MultiPolygon","coordinates":[[[[93.6371672,27.0969133],[93.6371763,27.0969426],[93.6371942,27.0969684],[93.6372195,27.0969886],[93.6372502,27.0970017],[93.6372839,27.0970065],[93.6373177,27.0970028],[93.6373489,27.0969907],[93.637375,27.0969712],[93.6373939,27.096946],[93.6374041,27.0969171],[93.6374047,27.0968867],[93.6373957,27.0968575],[93.6373778,27.0968317],[93.6373524,27.0968114],[93.6373217,27.0967984],[93.6372881,27.0967935],[93.6372543,27.0967973],[93.6372231,27.0968094],[93.6371969,27.0968289],[93.637178,27.0968541],[93.6371678,27.096883],[93.6371672,27.0969133]]]]}},
{"type":"Feature","properties":{"osm_id":"1238795846","code":5655,"fclass":"helipad","name":null},"geometry":{"type":"MultiPolygon","coordinates":[[[[93.6377151,27.0970739],[93.6377241,27.0971031],[93.637742,27.0971289],[93.6377673,27.0971492],[93.6377981,27.0971623],[93.6378317,27.0971671],[93.6378655,27.0971633],[93.6378967,27.0971512],[93.6379229,27.0971318],[93.6379418,27.0971066],[93.6379519,27.0970776],[93.6379526,27.0970473],[93.6379435,27.0970181],[93.6379256,27.0969923],[93.6379003,27.096972],[93.6378696,27.0969589],[93.6378359,27.0969541],[93.6378021,27.0969579],[93.6377709,27.09697],[93.6377448,27.0969894],[93.6377259,27.0970146],[93.6377157,27.0970436],[93.6377151,27.0970739]]]]}},
{"type":"Feature","properties":{"osm_id":"1238914856","code":5655,"fclass":"helipad","name":null},"geometry":{"type":"MultiPolygon","coordinates":[[[[92.7891069,22.2339466],[92.7892397,22.2340217],[92.7893096,22.2339158],[92.7891769,22.2338407],[92.7891069,22.2339466]]]]}},
{"type":"Feature","properties":{"osm_id":"1240716520","code":5655,"fclass":"helipad","name":null},"geometry":{"type":"MultiPolygon","coordinates":[[[[96.8005899,27.8872919],[96.8005935,27.8873084],[96.8006048,27.8873219],[96.8006216,27.8873297],[96.8006406,27.8873303],[96.800658,27.8873235],[96.8006704,27.8873108],[96.8006753,27.8872945],[96.8006717,27.8872781],[96.8006604,27.8872646],[96.8006435,27.8872567],[96.8006245,27.8872561],[96.8006071,27.8872629],[96.8005948,27.8872757],[96.8005899,27.8872919]]]]}},
{"type":"Feature","properties":{"osm_id":"1240716521","code":5655,"fclass":"helipad","name":null},"geometry":{"type":"MultiPolygon","coordinates":[[[[96.8008279,27.887046],[96.8008315,27.8870625],[96.8008428,27.887076],[96.8008596,27.8870839],[96.8008786,27.8870844],[96.800896,27.8870777],[96.8009083,27.8870649],[96.8009132,27.8870487],[96.8009097,27.8870322],[96.8008983,27.8870187],[96.8008815,27.8870109],[96.8008625,27.8870103],[96.8008451,27.8870171],[96.8008328,27.8870298],[96.8008279,27.887046]]]]}},
{"type":"Feature","properties":{"osm_id":"1240716522","code":5655,"fclass":"helipad","name":null},"geometry":{"type":"MultiPolygon","coordinates":[[[[96.8008013,27.8873824],[96.8011144,27.8876036],[96.8013062,27.8873915],[96.8009931,27.8871703],[96.8008013,27.8873824]]]]}},
{"type":"Feature","properties":{"osm_id":"1240716651","code":5655,"fclass":"helipad","name":null},"geometry":{"type":"MultiPolygon","coordinates":[[[[96.3475957,27.7783439],[96.3476017,27.7783691],[96.347617,27.778391],[96.3476399,27.7784069],[96.3476675,27.7784149],[96.3476966,27.7784141],[96.3477236,27.7784045],[96.3477453,27.7783874],[96.347759,27.7783647],[96.3477632,27.7783392],[96.3477572,27.778314],[96.3477419,27.7782921],[96.347719,27.7782762],[96.3476914,27.7782682],[96.3476623,27.778269],[96.3476353,27.7782786],[96.3476136,27.7782958],[96.3475999,27.7783184],[96.3475957,27.7783439]]]]}},
{"type":"Feature","properties":{"osm_id":"1240716731","code":5655,"fclass":"helipad","name":null},"geometry":{"type":"MultiPolygon","coordinates":[[[[96.1360459,27.25337],[96.1362349,27.2534824],[96.1364918,27.253141],[96.1363029,27.2530286],[96.1360459,27.25337]]]]}},
{"type":"Feature","properties":{"osm_id":"1240716779","code":5655,"fclass":"helipad","name":null},"geometry":{"type":"MultiPolygon","coordinates":[[[[95.7479878,27.1460331],[95.7480077,27.1462507],[95.7482842,27.1462307],[95.7482643,27.146013],[95.7479878,27.1460331]]]]}},
{"type":"Feature","properties":{"osm_id":"1240716820","code":5655,"fclass":"helipad","name":null},"geometry":{"type":"MultiPolygon","coordinates":[[[[95.494305,26.9901171],[95.494536,26.9905497],[95.4949415,26.9903186],[95.4947017,26.9899095],[95.494305,26.9901171]]]]}},
{"type":"Feature","properties":{"osm_id":"1242836528","code":5655,"fclass":"helipad","name":null},"geometry":{"type":"MultiPolygon","coordinates":[[[[95.1061605,26.2656986],[95.106166,26.2657157],[95.1061775,26.2657302],[95.1061937,26.2657405],[95.1062128,26.2657454],[95.1062326,26.2657443],[95.1062504,26.2657378],[95.1062649,26.2657266],[95.1062746,26.2657118],[95.1062786,26.265695],[95.1062764,26.265678],[95.1062683,26.2656624],[95.106255,26.26565],[95.1062381,26.265642],[95.1062192,26.2656393],[95.1061996,26.2656424],[95.1061823,26.265651],[95.1061691,26.2656643],[95.1061615,26.2656808],[95.1061605,26.2656986]]]]}},
{"type":"Feature","properties":{"osm_id":"1246019259","code":5655,"fclass":"helipad","name":null},"geometry":{"type":"MultiPolygon","coordinates":[[[[95.0898036,26.2217194],[95.0899471,26.2219189],[95.0901823,26.2217828],[95.0900388,26.2215832],[95.0898036,26.2217194]]]]}},
{"type":"Feature","properties":{"osm_id":"1248093322","code":5655,"fclass":"helipad","name":null},"geometry":{"type":"MultiPolygon","coordinates":[[[[93.5639176,24.5597297],[93.5646054,24.5601712],[93.5648771,24.559821],[93.5641892,24.5593796],[93.5639176,24.5597297]]]]}},
{"type":"Feature","properties":{"osm_id":"1249959139","code":5655,"fclass":"helipad","name":null},"geometry":{"type":"MultiPolygon","coordinates":[[[[93.6963877,27.1118202],[93.6963922,27.1118376],[93.6964058,27.1118508],[93.696425,27.1118561],[93.6964446,27.1118522],[93.6964594,27.1118401],[93.6964654,27.111823],[93.6964609,27.1118055],[93.6964473,27.1117923],[93.6964281,27.111787],[93.6964085,27.111791],[93.6963937,27.1118031],[93.6963877,27.1118202]]]]}},
{"type":"Feature","properties":{"osm_id":"1249959140","code":5655,"fclass":"helipad","name":null},"geometry":{"type":"MultiPolygon","coordinates":[[[[93.6957554,27.1118371],[93.6957598,27.1118546],[93.6957734,27.1118677],[93.6957926,27.1118731],[93.6958123,27.1118691],[93.695827,27.111857],[93.695833,27.1118399],[93.6958286,27.1118224],[93.695815,27.1118093],[93.6957958,27.111804],[93.6957761,27.1118079],[93.6957614,27.11182],[93.6957554,27.1118371]]]]}},
{"type":"Feature","properties":{"osm_id":"1249959141","code":5655,"fclass":"helipad","name":null},"geometry":{"type":"MultiPolygon","coordinates":[[[[93.6960457,27.1116706],[93.6960501,27.111688],[93.6960638,27.1117012],[93.696083,27.1117065],[93.6961026,27.1117026],[93.6961173,27.1116904],[93.6961233,27.1116733],[93.6961189,27.1116559],[93.6961053,27.1116427],[93.6960861,27.1116374],[93.6960665,27.1116413],[93.6960517,27.1116535],[93.6960457,27.1116706]]]]}},
{"type":"Feature","properties":{"osm_id":"1249959282","code":5655,"fclass":"helipad","name":null},"geometry":{"type":"MultiPolygon","coordinates":[[[[93.7671519,27.149907],[93.767228,27.1501502],[93.7674922,27.1500847],[93.7674161,27.1498415],[93.7671519,27.149907]]]]}},
{"type":"Feature","properties":{"osm_id":"1253363217","code":5655,"fclass":"helipad","name":null},"geometry":{"type":"MultiPolygon","coordinates":[[[[94.6442726,26.4657816],[94.6443698,26.4659113],[94.6444675,26.4658525],[94.6443703,26.4657229],[94.6442726,26.4657816]]]]}},
{"type":"Feature","properties":{"osm_id":"1253363364","code":5655,"fclass":"helipad","name":null},"geometry":{"type":"MultiPolygon","coordinates":[[[[95.1239639,26.2848584],[95.1242643,26.2848656],[95.1242731,26.2845702],[95.1239727,26.284563],[95.1239639,26.2848584]]]]}},
{"type":"Feature","properties":{"osm_id":"1253363398","code":5655,"fclass":"helipad","name":null},"geometry":{"type":"MultiPolygon","coordinates":[[[[94.4601005,25.7005826],[94.4603708,25.7006323],[94.4604539,25.7002649],[94.4601837,25.7002152],[94.4601005,25.7005826]]]]}},
{"type":"Feature","properties":{"osm_id":"1253363640","code":5655,"fclass":"helipad","name":null},"geometry":{"type":"MultiPolygon","coordinates":[[[[94.2030302,25.6455457],[94.2030347,25.645577],[94.203048,25.6456063],[94.2030693,25.6456315],[94.2030971,25.6456508],[94.2031295,25.645663],[94.2031643,25.6456672],[94.2031991,25.6456632],[94.2032315,25.6456512],[94.2032595,25.645632],[94.2032809,25.645607],[94.2032944,25.6455778],[94.2032991,25.6455464],[94.2032947,25.645515],[94.2032813,25.6454858],[94.2032601,25.6454606],[94.2032323,25.6454413],[94.2031999,25.6454291],[94.2031651,25.6454248],[94.2031303,25.6454289],[94.2030978,25.6454409],[94.2030699,25.6454601],[94.2030485,25.6454851],[94.2030349,25.6455143],[94.2030302,25.6455457]]]]}},
{"type":"Feature","properties":{"osm_id":"1257520514","code":5655,"fclass":"helipad","name":"Thuampui Helipad"},"geometry":{"type":"MultiPolygon","coordinates":[[[[92.7367386,23.7457905],[92.7367465,23.7458144],[92.7367628,23.7458344],[92.7367856,23.7458481],[92.7368122,23.7458539],[92.7368393,23.745851],[92.7368637,23.7458397],[92.7368824,23.7458215],[92.7368932,23.7457985],[92.7368948,23.7457736],[92.7368869,23.7457497],[92.7368706,23.7457296],[92.7368477,23.7457159],[92.7368212,23.7457102],[92.736794,23.7457131],[92.7367697,23.7457243],[92.7367509,23.7457425],[92.7367401,23.7457655],[92.7367386,23.7457905]]]]}},
{"type":"Feature","properties":{"osm_id":"1257520515","code":5655,"fclass":"helipad","name":null},"geometry":{"type":"MultiPolygon","coordinates":[[[[92.736851,23.745351],[92.7368528,23.745374],[92.7368642,23.7453946],[92.7368833,23.7454097],[92.7369072,23.7454169],[92.7369323,23.7454152],[92.7369548,23.7454049],[92.7369713,23.7453874],[92.7369792,23.7453655],[92.7369773,23.7453425],[92.736966,23.7453219],[92.7369469,23.7453068],[92.736923,23.7452996],[92.7368978,23.7453013],[92.7368753,23.7453117],[92.7368589,23.7453291],[92.736851,23.745351]]]]}},
{"type":"Feature","properties":{"osm_id":"1257520629","code":5655,"fclass":"helipad","name":"Ngopa Helipad"},"geometry":{"type":"MultiPolygon","coordinates":[[[[93.2140138,23.8921013],[93.2142127,23.8921129],[93.2142252,23.8919329],[93.2140262,23.8919213],[93.2140138,23.8921013]]]]}},
{"type":"Feature","properties":{"osm_id":"1257983282","code":5655,"fclass":"helipad","name":null},"geometry":{"type":"MultiPolygon","coordinates":[[[[95.3343733,28.0719195],[95.3345686,28.0721032],[95.3347826,28.0719261],[95.3345873,28.0717424],[95.3343733,28.0719195]]]]}},
{"type":"Feature","properties":{"osm_id":"1261413644","code":5655,"fclass":"helipad","name":null},"geometry":{"type":"MultiPolygon","coordinates":[[[[93.207654,28.4358134],[93.2077734,28.4359844],[93.2078992,28.4359165],[93.2077798,28.4357455],[93.207654,28.4358134]]]]}},
{"type":"Feature","properties":{"osm_id":"1261413645","code":5655,"fclass":"helipad","name":null},"geometry":{"type":"MultiPolygon","coordinates":[[[[93.2081443,28.4364521],[93.2083106,28.4366373],[93.2084195,28.4365616],[93.2082532,28.4363765],[93.2081443,28.4364521]]]]}},
{"type":"Feature","properties":{"osm_id":"1261413646","code":5655,"fclass":"helipad","name":null},"geometry":{"type":"MultiPolygon","coordinates":[[[[93.2078748,28.4361219],[93.208025,28.4363471],[93.2082197,28.4362467],[93.2080695,28.4360215],[93.2078748,28.4361219]]]]}},
{"type":"Feature","properties":{"osm_id":"1264578602","code":5655,"fclass":"helipad","name":null},"geometry":{"type":"MultiPolygon","coordinates":[[[[95.960858,28.8346592],[95.9609974,28.8348295],[95.9611197,28.8347527],[95.9609802,28.8345824],[95.960858,28.8346592]]]]}},
{"type":"Feature","properties":{"osm_id":"1264578877","code":5655,"fclass":"helipad","name":null},"geometry":{"type":"MultiPolygon","coordinates":[[[[95.0192698,28.6392108],[95.0193811,28.6392297],[95.0194082,28.6391065],[95.0192969,28.6390876],[95.0192698,28.6392108]]]]}},
{"type":"Feature","properties":{"osm_id":"1264578878","code":5655,"fclass":"helipad","name":null},"geometry":{"type":"MultiPolygon","coordinates":[[[[95.0198512,28.639454],[95.0200935,28.6394784],[95.0201525,28.6390276],[95.0199102,28.6390032],[95.0198512,28.639454]]]]}},
{"type":"Feature","properties":{"osm_id":"1265766635","code":5655,"fclass":"helipad","name":null},"geometry":{"type":"MultiPolygon","coordinates":[[[[90.2887881,26.429268],[90.2887912,26.4293201],[90.2888136,26.4293682],[90.2888526,26.4294068],[90.2889006,26.4294306],[90.2889544,26.4294397],[90.2890088,26.4294331],[90.289058,26.4294115],[90.2890972,26.4293772],[90.2891223,26.4293336],[90.2891308,26.4292851],[90.2891218,26.4292366],[90.2890962,26.4291932],[90.2890539,26.4291575],[90.2890006,26.4291364],[90.2889426,26.4291325],[90.2888864,26.4291462],[90.2888386,26.4291758],[90.2888045,26.429218],[90.2887881,26.429268]]]]}},
{"type":"Feature","properties":{"osm_id":"1265766636","code":5655,"fclass":"helipad","name":null},"geometry":{"type":"MultiPolygon","coordinates":[[[[90.2889962,26.4276652],[90.2890028,26.4277118],[90.2890255,26.4277542],[90.289062,26.427788],[90.2891086,26.4278096],[90.2891634,26.427817],[90.2892179,26.4278075],[90.2892657,26.4277823],[90.2893013,26.4277442],[90.2893207,26.4276977],[90.2893217,26.427648],[90.2893041,26.4276009],[90.2892699,26.4275618],[90.2892231,26.4275351],[90.289172,26.4275242],[90.2891197,26.4275282],[90.2890716,26.4275469],[90.2890325,26.4275783],[90.2890065,26.4276191],[90.2889962,26.4276652]]]]}},
{"type":"Feature","properties":{"osm_id":"1265766637","code":5655,"fclass":"helipad","name":null},"geometry":{"type":"MultiPolygon","coordinates":[[[[90.2895399,26.4279118],[90.2895409,26.4279572],[90.2895591,26.4279997],[90.2895921,26.4280343],[90.2896324,26.4280555],[90.2896781,26.4280645],[90.2897247,26.4280603],[90.2897675,26.4280434],[90.2898022,26.4280153],[90.2898255,26.427979],[90.2898351,26.427938],[90.2898299,26.4278964],[90.2898105,26.4278582],[90.2897756,26.4278252],[90.2897303,26.4278046],[90.2896799,26.4277989],[90.2896304,26.4278087],[90.2895874,26.4278329],[90.289556,26.4278686],[90.2895399,26.4279118]]]]}},
{"type":"Feature","properties":{"osm_id":"1265766638","code":5655,"fclass":"helipad","name":null},"geometry":{"type":"MultiPolygon","coordinates":[[[[90.2890322,26.428218],[90.2890399,26.4282602],[90.2890621,26.428298],[90.2890966,26.4283276],[90.2891429,26.4283468],[90.2891937,26.4283509],[90.2892431,26.4283394],[90.2892853,26.4283137],[90.2893153,26.4282768],[90.2893297,26.4282329],[90.2893268,26.4281873],[90.2893069,26.4281452],[90.2892749,26.4281135],[90.2892334,26.4280924],[90.2891865,26.4280841],[90.2891391,26.4280895],[90.2890961,26.428108],[90.2890618,26.4281378],[90.2890397,26.4281757],[90.2890322,26.428218]]]]}},
{"type":"Feature","properties":{"osm_id":"1270953458","code":5655,"fclass":"helipad","name":null},"geometry":{"type":"MultiPolygon","coordinates":[[[[90.3733142,26.4462199],[90.3733293,26.4462626],[90.3733593,26.4462984],[90.373399,26.4463225],[90.3734452,26.446334],[90.373493,26.4463317],[90.3735376,26.4463159],[90.3735742,26.4462883],[90.3735991,26.4462516],[90.3736097,26.4462098],[90.3736048,26.4461671],[90.3735851,26.446128],[90.3735524,26.4460966],[90.3735083,26.4460755],[90.3734589,26.4460687],[90.3734097,26.446077],[90.3733664,26.4460994],[90.3733339,26.4461334],[90.3733158,26.4461752],[90.3733142,26.4462199]]]]}},
{"type":"Feature","properties":{"osm_id":"1270953459","code":5655,"fclass":"helipad","name":null},"geometry":{"type":"MultiPolygon","coordinates":[[[[90.3739017,26.4462343],[90.3739168,26.446277],[90.3739468,26.4463128],[90.3739865,26.4463369],[90.3740327,26.4463484],[90.3740805,26.4463461],[90.3741251,26.4463303],[90.3741617,26.4463027],[90.3741866,26.446266],[90.3741972,26.4462242],[90.3741923,26.4461815],[90.3741726,26.4461424],[90.3741399,26.446111],[90.3740958,26.4460899],[90.3740464,26.4460831],[90.3739972,26.4460914],[90.3739539,26.4461138],[90.3739214,26.4461478],[90.3739033,26.4461896],[90.3739017,26.4462343]]]]}},
{"type":"Feature","properties":{"osm_id":"1305554338","code":5655,"fclass":"helipad","name":null},"geometry":{"type":"MultiPolygon","coordinates":[[[[93.7693689,26.6486944],[93.7693691,26.6487296],[93.7693787,26.6487637],[93.7693971,26.6487947],[93.7694234,26.6488209],[93.7694558,26.6488407],[93.7694927,26.648853],[93.7695318,26.6488571],[93.7695708,26.6488527],[93.7696075,26.6488401],[93.7696397,26.64882],[93.7696657,26.6487935],[93.7696838,26.6487623],[93.769693,26.6487282],[93.7696928,26.648693],[93.7696832,26.6486589],[93.7696648,26.6486279],[93.7696385,26.6486017],[93.7696061,26.6485818],[93.7695692,26.6485695],[93.7695301,26.6485655],[93.7694911,26.6485699],[93.7694544,26.6485825],[93.7694222,26.6486026],[93.7693962,26.6486291],[93.7693781,26.6486603],[93.7693689,26.6486944]]]]}},
{"type":"Feature","properties":{"osm_id":"1305554339","code":5655,"fclass":"helipad","name":null},"geometry":{"type":"MultiPolygon","coordinates":[[[[93.7685667,26.6485923],[93.7685753,26.6486275],[93.7685931,26.6486598],[93.768619,26.6486873],[93.7686515,26.6487085],[93.7686888,26.6487222],[93.7687286,26.6487275],[93.7687687,26.6487241],[93.7688067,26.6487122],[93.7688404,26.6486925],[93.7688679,26.6486662],[93.7688875,26.6486348],[93.7688982,26.6486001],[93.7688992,26.6485642],[93.7688906,26.648529],[93.7688729,26.6484967],[93.768847,26.6484692],[93.7688145,26.648448],[93.7687772,26.6484343],[93.7687374,26.648429],[93.7686973,26.6484324],[93.7686593,26.6484443],[93.7686256,26.648464],[93.7685981,26.6484903],[93.7685785,26.6485217],[93.7685678,26.6485564],[93.7685667,26.6485923]]]]}},
{"type":"Feature","properties":{"osm_id":"1312584324","code":5655,"fclass":"helipad","name":null},"geometry":{"type":"MultiPolygon","coordinates":[[[[93.4048848,28.5994406],[93.4050169,28.5994587],[93.4050383,28.5993381],[93.4049062,28.59932],[93.4048848,28.5994406]]]]}},
{"type":"Feature","properties":{"osm_id":"1312584325","code":5655,"fclass":"helipad","name":null},"geometry":{"type":"MultiPolygon","coordinates":[[[[93.4047622,28.6002192],[93.4048943,28.6002373],[93.4049157,28.6001167],[93.4047836,28.6000986],[93.4047622,28.6002192]]]]}},
{"type":"Feature","properties":{"osm_id":"1330420057","code":5655,"fclass":"helipad","name":null},"geometry":{"type":"MultiPolygon","coordinates":[[[[92.3812514,24.8453142],[92.3812518,24.8453494],[92.3812622,24.8453833],[92.381282,24.8454137],[92.3813098,24.8454383],[92.3813436,24.8454556],[92.3813812,24.8454643],[92.38142,24.8454639],[92.3814574,24.8454544],[92.3814908,24.8454365],[92.381518,24.8454113],[92.381537,24.8453806],[92.3815466,24.8453465],[92.3815462,24.8453113],[92.3815358,24.8452773],[92.381516,24.845247],[92.3814882,24.8452224],[92.3814544,24.8452051],[92.3814168,24.8451964],[92.381378,24.8451967],[92.3813406,24.8452062],[92.3813072,24.8452242],[92.38128,24.8452494],[92.381261,24.8452801],[92.3812514,24.8453142]]]]}},
{"type":"Feature","properties":{"osm_id":"1330420058","code":5655,"fclass":"helipad","name":null},"geometry":{"type":"MultiPolygon","coordinates":[[[[92.3816244,24.8458184],[92.381625,24.8458521],[92.3816352,24.8458845],[92.3816543,24.8459135],[92.381681,24.8459369],[92.3817135,24.8459533],[92.3817495,24.8459615],[92.3817866,24.845961],[92.3818224,24.8459517],[92.3818542,24.8459344],[92.3818801,24.8459102],[92.3818981,24.8458807],[92.3819072,24.8458481],[92.3819066,24.8458143],[92.3818964,24.8457819],[92.3818773,24.845753],[92.3818506,24.8457295],[92.3818182,24.8457132],[92.3817821,24.845705],[92.381745,24.8457055],[92.3817093,24.8457147],[92.3816774,24.845732],[92.3816515,24.8457563],[92.3816335,24.8457857],[92.3816244,24.8458184]]]]}},
{"type":"Feature","properties":{"osm_id":"1330420059","code":5655,"fclass":"helipad","name":null},"geometry":{"type":"MultiPolygon","coordinates":[[[[92.3810299,24.8459133],[92.3810384,24.8459465],[92.381056,24.8459766],[92.3810816,24.8460014],[92.3811135,24.8460195],[92.3811494,24.8460294],[92.3811869,24.8460305],[92.3812234,24.8460228],[92.3812565,24.8460068],[92.381284,24.8459836],[92.3813038,24.8459547],[92.3813148,24.8459221],[92.381316,24.8458881],[92.3813076,24.8458549],[92.3812899,24.8458249],[92.3812643,24.8458],[92.3812324,24.845782],[92.3811965,24.845772],[92.381159,24.8457709],[92.3811225,24.8457786],[92.3810894,24.8457946],[92.3810619,24.8458178],[92.3810421,24.8458467],[92.3810312,24.8458793],[92.3810299,24.8459133]]]]}},
{"type":"Feature","properties":{"osm_id":"1333442739","code":5651,"fclass":"airport","name":"Pakyong Airport"},"geometry":{"type":"MultiPolygon","coordinates":[[[[88.5834435,27.2247118],[88.5834696,27.2248656],[88.5834751,27.224869],[88.5836055,27.2249502],[88.5840282,27.2251741],[88.5840297,27.2251787],[88.5841933,27.2256559],[88.5841982,27.2256668],[88.584405,27.2261346],[88.584664,27.2265343],[88.5846905,27.2265751],[88.5858249,27.2284642],[88.5868955,27.2304405],[88.5871994,27.2312037],[88.5874837,27.2319177],[88.5877794,27.2326601],[88.5881887,27.2336878],[88.5881957,27.2337005],[88.5885736,27.2343888],[88.5888777,27.2349659],[88.5891069,27.2354408],[88.5890955,27.2355413],[88.5891902,27.2357112],[88.5892899,27.2358126],[88.5896661,27.2364346],[88.5898076,27.2366799],[88.5901361,27.2372491],[88.5907294,27.2383656],[88.5910039,27.2388919],[88.5914386,27.2397253],[88.5919588,27.2407224],[88.5921957,27.2411766],[88.5922369,27.2411829],[88.5923057,27.2411423],[88.5924009,27.2411439],[88.5924778,27.2411354],[88.5925514,27.2411486],[88.5927153,27.241178],[88.5929089,27.2409965],[88.5932072,27.2407678],[88.5935523,27.2406243],[88.5934425,27.2403938],[88.5931224,27.2397218],[88.593006,27.2394773],[88.5929461,27.2393515],[88.5927467,27.2389329],[88.592741,27.2389265],[88.5926109,27.2387784],[88.5925451,27.2386381],[88.5924513,27.2384379],[88.5923172,27.238152],[88.5920977,27.2377597],[88.5914121,27.2365241],[88.5913353,27.2363905],[88.5909132,27.2356566],[88.590877,27.2355935],[88.5907177,27.2352798],[88.59063,27.235107],[88.5905439,27.2349373],[88.5904298,27.2347124],[88.5899598,27.2337864],[88.5896938,27.2333093],[88.5896136,27.2331654],[88.5892758,27.2325594],[88.5888271,27.2317221],[88.5887697,27.2311057],[88.5884592,27.2307167],[88.5883477,27.2307428],[88.588273,27.2306527],[88.5882536,27.2304968],[88.5884354,27.2301841],[88.5884925,27.2300641],[88.5884252,27.2295719],[88.5881425,27.2291666],[88.5880945,27.2289628],[88.5881602,27.2288134],[88.5878811,27.2283372],[88.5875677,27.2284579],[88.5872979,27.2277489],[88.5876734,27.227581],[88.5877581,27.2275718],[88.5878095,27.2276815],[88.5881943,27.2275188],[88.5880029,27.2270984],[88.5881236,27.2270456],[88.5880121,27.2268442],[88.5881138,27.2267997],[88.5878879,27.2263915],[88.5877883,27.2264351],[88.5876753,27.226231],[88.5875203,27.226301],[88.5873316,27.2259592],[88.5873149,27.2259264],[88.5873559,27.2259097],[88.5872886,27.225781],[88.5873249,27.2257648],[88.5871878,27.2254801],[88.5873334,27.2254132],[88.5872726,27.2252489],[88.5868639,27.2251197],[88.5866906,27.2247639],[88.5862429,27.2249788],[88.5862043,27.2248792],[88.586176,27.2248935],[88.5861541,27.2248324],[88.5860631,27.2248633],[88.5857346,27.2242536],[88.5853691,27.2244252],[88.5853658,27.2244268],[88.585219,27.224487],[88.5852121,27.2244855],[88.5850801,27.2244563],[88.5847216,27.2243511],[88.5843973,27.2243612],[88.5840518,27.2243928],[88.5839225,27.2244716],[88.5836367,27.2245058],[88.5835417,27.2245434],[88.5834435,27.2247118]]]]}},
{"type":"Feature","properties":{"osm_id":"1352750833","code":5655,"fclass":"helipad","name":null},"geometry":{"type":"MultiPolygon","coordinates":[[[[93.0079987,25.1720416],[93.0080032,25.1720739],[93.0080168,25.1721039],[93.0080386,25.1721298],[93.008067,25.1721497],[93.0081001,25.1721623],[93.0081357,25.1721667],[93.0081713,25.1721626],[93.0082046,25.1721503],[93.0082332,25.1721306],[93.0082552,25.1721049],[93.0082691,25.1720749],[93.0082739,25.1720427],[93.0082694,25.1720105],[93.0082558,25.1719804],[93.008234,25.1719545],[93.0082056,25.1719346],[93.0081725,25.171922],[93.0081369,25.1719176],[93.0081013,25.1719217],[93.008068,25.171934],[93.0080394,25.1719537],[93.0080174,25.1719794],[93.0080035,25.1720094],[93.0079987,25.1720416]]]]}},
{"type":"Feature","properties":{"osm_id":"1352750834","code":5655,"fclass":"helipad","name":null},"geometry":{"type":"MultiPolygon","coordinates":[[[[93.0082793,25.1720547],[93.0082848,25.172089],[93.0082999,25.1721209],[93.0083235,25.1721481],[93.0083542,25.1721689],[93.0083898,25.1721817],[93.0084278,25.1721858],[93.0084657,25.1721809],[93.0085009,25.1721672],[93.008531,25.1721458],[93.0085539,25.172118],[93.0085681,25.1720858],[93.0085727,25.1720514],[93.0085672,25.1720171],[93.0085521,25.1719853],[93.0085284,25.171958],[93.0084977,25.1719373],[93.0084622,25.1719244],[93.0084242,25.1719203],[93.0083863,25.1719253],[93.0083511,25.1719389],[93.008321,25.1719604],[93.008298,25.1719881],[93.0082838,25.1720203],[93.0082793,25.1720547]]]]}},
{"type":"Feature","properties":{"osm_id":"1352750835","code":5655,"fclass":"helipad","name":null},"geometry":{"type":"MultiPolygon","coordinates":[[[[93.0078164,25.1722675],[93.0078165,25.1723034],[93.007827,25.1723381],[93.007847,25.1723692],[93.0078752,25.1723945],[93.0079097,25.1724123],[93.0079481,25.1724215],[93.0079878,25.1724214],[93.0080261,25.1724119],[93.0080604,25.1723938],[93.0080884,25.1723683],[93.0081081,25.1723371],[93.0081183,25.1723023],[93.0081181,25.1722664],[93.0081077,25.1722317],[93.0080877,25.1722006],[93.0080595,25.1721753],[93.008025,25.1721575],[93.0079866,25.1721483],[93.0079469,25.1721484],[93.0079085,25.1721579],[93.0078742,25.172176],[93.0078462,25.1722015],[93.0078265,25.1722327],[93.0078164,25.1722675]]]]}},
{"type":"Feature","properties":{"osm_id":"1359046706","code":5655,"fclass":"helipad","name":"Etalin Helipad"},"geometry":{"type":"MultiPolygon","coordinates":[[[[95.8781233,28.6103138],[95.878385,28.6103932],[95.8786783,28.610463],[95.8787208,28.61038],[95.8787591,28.6102837],[95.8785878,28.6102176],[95.8782124,28.6100985],[95.8781233,28.6103138]]]]}},
{"type":"Feature","properties":{"osm_id":"1413465451","code":5655,"fclass":"helipad","name":null},"geometry":{"type":"MultiPolygon","coordinates":[[[[95.5020919,29.1413237],[95.5021573,29.1414743],[95.5022707,29.1414098],[95.5021871,29.1412977],[95.5020919,29.1413237]]]]}},
{"type":"Feature","properties":{"osm_id":"1435115185","code":5655,"fclass":"helipad","name":null},"geometry":{"type":"MultiPolygon","coordinates":[[[[93.7077113,24.4515537],[93.7077549,24.4516361],[93.7080164,24.4515964],[93.7079929,24.4514225],[93.7079158,24.4513523],[93.7077314,24.4514011],[93.7077113,24.4515537]]]]}},
{"type":"Feature","properties":{"osm_id":"1452722761","code":5655,"fclass":"helipad","name":null},"geometry":{"type":"MultiPolygon","coordinates":[[[[93.8489195,24.9462135],[93.848927,24.9462355],[93.8489431,24.9462531],[93.8489655,24.9462638],[93.8489907,24.946266],[93.8490148,24.9462592],[93.8490343,24.9462446],[93.8490461,24.9462243],[93.8490485,24.9462015],[93.8490411,24.9461796],[93.8490249,24.9461619],[93.8490026,24.9461512],[93.8489774,24.9461491],[93.8489532,24.9461558],[93.8489337,24.9461704],[93.8489219,24.9461907],[93.8489195,24.9462135]]]]}},
{"type":"Feature","properties":{"osm_id":"1452722762","code":5655,"fclass":"helipad","name":null},"geometry":{"type":"MultiPolygon","coordinates":[[[[93.8495943,24.9452719],[93.8496377,24.9454883],[93.8497893,24.9454633],[93.8497458,24.9452469],[93.8495943,24.9452719]]]]}},
{"type":"Feature","properties":{"osm_id":"1452722766","code":5655,"fclass":"helipad","name":null},"geometry":{"type":"MultiPolygon","coordinates":[[[[93.8488741,24.9459377],[93.8488827,24.9459572],[93.8488989,24.9459722],[93.8489201,24.9459805],[93.8489433,24.9459807],[93.8489648,24.9459729],[93.8489813,24.9459582],[93.8489904,24.9459389],[93.8489907,24.945918],[93.8489821,24.9458985],[93.8489659,24.9458835],[93.8489446,24.9458752],[93.8489215,24.945875],[93.8489,24.9458828],[93.8488834,24.9458974],[93.8488743,24.9459167],[93.8488741,24.9459377]]]]}},
{"type":"Feature","properties":{"osm_id":"1452722767","code":5655,"fclass":"helipad","name":null},"geometry":{"type":"MultiPolygon","coordinates":[[[[93.8489419,24.9470949],[93.8489431,24.9471179],[93.8489539,24.9471387],[93.8489726,24.9471542],[93.8489965,24.947162],[93.8490218,24.9471609],[93.8490447,24.9471511],[93.8490618,24.9471341],[93.8490704,24.9471125],[93.8490692,24.9470895],[93.8490584,24.9470687],[93.8490397,24.9470532],[93.8490158,24.9470454],[93.8489905,24.9470465],[93.8489676,24.9470563],[93.8489505,24.9470733],[93.8489419,24.9470949]]]]}},
{"type":"Feature","properties":{"osm_id":"1462418574","code":5655,"fclass":"helipad","name":null},"geometry":{"type":"MultiPolygon","coordinates":[[[[94.8119929,26.2204539],[94.8120171,26.2205201],[94.8123001,26.2212323],[94.8123322,26.2212347],[94.8125575,26.221183],[94.8125696,26.2211529],[94.812292,26.2203649],[94.8122263,26.2203685],[94.8121301,26.2204037],[94.8119929,26.2204539]]]]}},
{"type":"Feature","properties":{"osm_id":"1467575456","code":5655,"fclass":"helipad","name":null},"geometry":{"type":"MultiPolygon","coordinates":[[[[88.710769,27.3947642],[88.7115229,27.3948358],[88.7115631,27.3945026],[88.7108092,27.394431],[88.710769,27.3947642]]]]}},
{"type":"Feature","properties":{"osm_id":"1468143839","code":5655,"fclass":"helipad","name":null},"geometry":{"type":"MultiPolygon","coordinates":[[[[93.0402943,27.3606498],[93.0403826,27.3610762],[93.0406712,27.361029],[93.0405828,27.3606027],[93.0402943,27.3606498]]]]}},
{"type":"Feature","properties":{"osm_id":"1482458439","code":5655,"fclass":"helipad","name":null},"geometry":{"type":"MultiPolygon","coordinates":[[[[97.0200048,28.3053563],[97.020028,28.3056217],[97.0202336,28.3056078],[97.0202103,28.3053424],[97.0200048,28.3053563]]]]}}
]
}
